seqnum,url_chunk,duration,bitrate_string,url_chunk_string,download_addr,gear_name_string,quality_type_string,request_time_start,request_time_stop,response_time_start,response_time_stop
0,oogPjsao2OAZBEUx4cvBZYBmEi4aHiQI6UhC9,8,1347103&1018822&800873&656558&617369&615234,oogPjsao2OAZBEUx4cvBZYBmEi4aHiQI6UhC9&oEJVY0gYQItfK7CHMZLIoGGCUIcckjGeAA4Lej&oMZIaioE4UExACBgP2iYa9ijHhNSsUOH4vnBa&o8YUGe0VIIekIDyt4VLALCcQQGjMAijY9HJyf7&ocv5x4PZHBZp9OCBpcEjIoCsU2h2oagiKEPAi&owSvAiCNhvBg4osajZPUEUxIYiOYu2BEDH4K9,https://v16-webapp-prime.us.tiktok.com/video/tos/useast5/tos-useast5-pve-0068-tx/oogPjsao2OAZBEUx4cvBZYBmEi4aHiQI6UhC9/?a=1988&bti=NDU3ZjAwOg%3D%3D&ch=0&cr=3&dr=0&lr=unwatermarked&cd=0%7C0%7C0%7C&cv=1&br=2630&bt=1315&cs=0&ds=6&ft=4KJMyMzm8Zmo0GNc1-4jV3lbdpWrKsd.&mime_type=video_mp4&qs=0&rc=PGY1OTo8OjU0NDY3NTs3M0BpM3B5NHc5cjU5cDMzZzczNEBfYTUvXjMxXjMxL15eMi42YSNqMG00MmRrM2hgLS1kMS9zcw%3D%3D&btag=e00088000&expire=1712080795&l=2024033117594605F173B8684C4E5678C0&ply_type=2&policy=2&signature=ecb2190d58efec19c9410228f2068a1e&tk=tt_chain_token,normal_540_0&adapt_lowest_1080_1&lower_540_0&adapt_lower_720_1&adapt_540_1&lowest_540_0,20&2&24&14&28&25, 1711907986.45748,1711907986.457953,1711907987.6568599,1711907987.685222
1,os3QEh2iEFA7x4KgIRfDS7tAkViyTtlEiDgfBw,6,420017&320900&229847&223858&172488,os3QEh2iEFA7x4KgIRfDS7tAkViyTtlEiDgfBw&owbICyuxiiA9r8EwEIWBp9WgSKRHJ2yi5BwfAa&oYAwI8BR8LSfJ8OWi9WwpI9iCx2iICygBEwAaK&osiIWKEi2H3wB1BgAwfxi9ApCJIKY4b9BS8yRC&oIK9yBJIxNiSBC9fCw2iwpyYRjIg8A94iEWACb,https://v16-webapp-prime.us.tiktok.com/video/tos/useast5/tos-useast5-ve-0068c002-tx/os3QEh2iEFA7x4KgIRfDS7tAkViyTtlEiDgfBw/?a=1988&bti=NDU3ZjAwOg%3D%3D&ch=0&cr=3&dr=0&lr=unwatermarked&cd=0%7C0%7C0%7C&cv=1&br=820&bt=410&cs=0&ds=6&ft=4KJMyMzm8Zmo0GNc1-4jV3lbdpWrKsd.&mime_type=video_mp4&qs=0&rc=N2U3aTxmZmY7OjdkOTU2NUBpamR0dnA5cng3cTMzZzczNEAzNWEyX2JgNjExLS1fYWAxYSNsLS9yMmRzNmVgLS1kMS9zcw%3D%3D&btag=e00088000&expire=1712080793&l=2024033117594605F173B8684C4E5678C0&ply_type=2&policy=2&signature=fb81f1036b504a398ece2f97395d9c30&tk=tt_chain_token,normal_540_0&adapt_lower_720_1&adapt_540_1&lower_540_0&lowest_540_0,20&14&28&24&25, 1711907986.45748,1711907986.457953,1711907987.6568599,1711907987.685222
2,oAxeuLIdAf0jmG7JRg5Hj8SHfHII1LSkAACWgF,87,1395506&1186606&732058&633529&504997&334861,oI8guVJFHG61Hk0WjgLHAIRIjA7eAwjeI5CLfu&oAxeuLIdAf0jmG7JRg5Hj8SHfHII1LSkAACWgF&o0R3V9gRREmcfHBlAYQREdIrfEEnvBDSCD9R6F&okERkRIgSTAFYE3dHhRC96fBlEDuDBGE9QRlfr&o8CbjfG51XueIUuHW8BFkujIAg7LgIL0HRAAeJ&oMejWkjAHgCI96Ae7xGEkLIe1QGIv5jvuLwIPC,https://v16-webapp-prime.us.tiktok.com/video/tos/useast5/tos-useast5-ve-0068c003-tx/oAxeuLIdAf0jmG7JRg5Hj8SHfHII1LSkAACWgF/?a=1988&bti=NDU3ZjAwOg%3D%3D&ch=0&cr=3&dr=0&lr=unwatermarked&cd=0%7C0%7C0%7C&cv=1&br=2316&bt=1158&cs=0&ds=6&ft=4KJMyMzm8Zmo0GNc1-4jV3lbdpWrKsd.&mime_type=video_mp4&qs=0&rc=OTU6OTZlN2dnNTVmOjU6ZEBpMzU6ang5cjdxcTMzZzczNEAvMGA2Mi82NS4xMjUzYl4wYSNgbl5zMmRjL2lgLS1kMS9zcw%3D%3D&btag=e00090000&expire=1712080874&l=2024033117594605F173B8684C4E5678C0&ply_type=2&policy=2&signature=6d8356a0609381a2740b4cdd7659df43&tk=tt_chain_token,adapt_lowest_1080_1&normal_540_0&adapt_lower_720_1&adapt_540_1&lower_540_0&lowest_540_0,2&20&14&28&24&25, 1711907986.45748,1711907986.457953,1711907987.6568599,1711907987.685222
3,o4PqDVfDSQpfRSlEBUyqO0o6nBSAKEgkFgCRIg,8,1319996&1048884&773675&727444&632295&541737,o4PqDVfDSQpfRSlEBUyqO0o6nBSAKEgkFgCRIg&o0g1IOAyBwBEnPIVBipWfQUATIUB6i0QdppqKC&oAVpIVizn1pI4UBTBMBAEQ60IgywqAXCBdiKfx&ooSB0zqAO6VDtBpfWnQRRRfgEoDFnUElgQqIS3&ocIDl0Tp4VR6EBqBiZgDeS9AEGSqnopQqgfFRU&o8aQIfU1BBPyi5KCITiqd4II6ApEgVpw05ISQA,https://v16-webapp-prime.us.tiktok.com/video/tos/useast5/tos-useast5-ve-0068c004-tx/o4PqDVfDSQpfRSlEBUyqO0o6nBSAKEgkFgCRIg/?a=1988&bti=NDU3ZjAwOg%3D%3D&ch=0&cr=3&dr=0&lr=unwatermarked&cd=0%7C0%7C0%7C&cv=1&br=2578&bt=1289&cs=0&ds=6&ft=4KJMyMzm8Zmo0GNc1-4jV3lbdpWrKsd.&mime_type=video_mp4&qs=0&rc=aGc6O2g2NDdmNTpmOmQ4NEBpam5kZ245cjd0cTMzZzczNEAyNTFhMTNfNi8xYF5gX2FfYSNeZjZkMmRjZDZgLS1kMS9zcw%3D%3D&btag=e00088000&expire=1712080795&l=2024033117594605F173B8684C4E5678C0&ply_type=2&policy=2&signature=713672197d2546f3608244557fbc2f93&tk=tt_chain_token,normal_540_0&adapt_lowest_1080_1&adapt_lower_720_1&lower_540_0&adapt_540_1&lowest_540_0,20&2&14&24&28&25, 1711907986.45748,1711907986.457953,1711907987.6568599,1711907987.685222
4,ocCjDLfDSIenRUlE4AZkOlWgWBZAyEEyFJaKEg,6,821222&721616&437855&406137&321653&306366,ocCjDLfDSIenRUlE4AZkOlWgWBZAyEEyFJaKEg&ocREgEeIRELIlAAfWrklGgk3jW9DEBFKS42DiU&oAEx9AfGSlIKIAReEKgWQoFEbFCtxlWZDzDgBl&ooeEQSIxKDA7AGUNNgF9DRlJ8EogtBDlIWfIsE&oYK2Ex1lgE9RAQWylYIcGGFeEoDsSgfABtHIDM&osERESlAg0w4LKkWDDIUWlFG4gDBLgfeEAE4jd,https://v16-webapp-prime.us.tiktok.com/video/tos/useast5/tos-useast5-ve-0068c002-tx/ocCjDLfDSIenRUlE4AZkOlWgWBZAyEEyFJaKEg/?a=1988&bti=NDU3ZjAwOg%3D%3D&ch=0&cr=3&dr=0&lr=unwatermarked&cd=0%7C0%7C0%7C&cv=1&br=1602&bt=801&cs=0&ds=6&ft=4KJMyMzm8Zmo0GNc1-4jV3lbdpWrKsd.&mime_type=video_mp4&qs=0&rc=NDNkaWlpOGhkZmk0ZjczM0BpM3BnO3g5cjUzcDMzZzczNEBhYWAyNjEyXl8xNS1gXy00YSNmNW1wMmRrL19gLS1kMS9zcw%3D%3D&btag=e00088000&expire=1712080793&l=2024033117594605F173B8684C4E5678C0&ply_type=2&policy=2&signature=e2064f466f8e25eeb7ba2d452a72ffd8&tk=tt_chain_token,normal_540_0&adapt_lowest_1080_1&lower_540_0&adapt_lower_720_1&lowest_540_0&adapt_540_1,20&2&24&14&25&28, 1711907986.45748,1711907986.457953,1711907987.6568599,1711907987.685222
5,oo4UPmMEgnaiapKwEq6dbJZuiQOjyhA4BIxLB,15,437925&391547&290577&213970&213633&163717,o8qBbBAMuxil2EwhECgHdcdmZyIPj4pwKqiUM&oo4UPmMEgnaiapKwEq6dbJZuiQOjyhA4BIxLB&oYxwIWsUZEjhq4MmAdBmiKOEcIBiPbuy2pgKI&o4xypiNzibhUKgmBEnZiE74dIGwJFMuqqAPBj&oMdPUCuqlBxbympoiE4GBwZqBEIIhgMjqi7AK&oQxMjZnEPKubiAkilBBwpg4dhEUtyWqmExHmI,https://v16-webapp-prime.us.tiktok.com/video/tos/useast5/tos-useast5-ve-0068c003-tx/oo4UPmMEgnaiapKwEq6dbJZuiQOjyhA4BIxLB/?a=1988&bti=NDU3ZjAwOg%3D%3D&ch=0&cr=3&dr=0&lr=unwatermarked&cd=0%7C0%7C0%7C&cv=1&br=764&bt=382&cs=0&ds=6&ft=4KJMyMzm8Zmo0GNc1-4jV3lbdpWrKsd.&mime_type=video_mp4&qs=0&rc=OjxmZTU8ZTs5aWUzPDxkZkBpMzk5O2o5cndkcDMzZzczNEA1YzU2NjQuNjUxNDBgYC1jYSNrNGIzMmQ0Zm1gLS1kMS9zcw%3D%3D&btag=e00088000&expire=1712080802&l=2024033117594605F173B8684C4E5678C0&ply_type=2&policy=2&signature=b36ce00c45103d0e6f0491837e158e86&tk=tt_chain_token,adapt_lowest_1080_1&normal_540_0&adapt_lower_720_1&lower_540_0&adapt_540_1&lowest_540_0,2&20&14&24&28&25, 1711907986.45748,1711907986.457953,1711907987.6568599,1711907987.685222
6,ooC7jlGwve4eBhPIfD7dkU1Ilg9LgIL6HQAANE,5,1024001&852862&683651&565912&440496&326510,ocLgklfD1CEg4ALj9H6QdketDvIIA4edwBgGIg&ooC7jlGwve4eBhPIfD7dkU1Ilg9LgIL6HQAANE&oIejMQARAGLe0uIPgCfGJkXF6vBSwH8465A0B1&o48IdGLvCQG61eMABQyAeuIhLfIRjKkHkcP4wC&ogBvGe91IIVkQNwEDTLALCdfgxj4AZ6geHYYIo&oci1B9OggIEIsfXH4gLIfGaCvQldk6beAADLdj,https://v16-webapp-prime.us.tiktok.com/video/tos/useast5/tos-useast5-ve-0068c004-tx/ooC7jlGwve4eBhPIfD7dkU1Ilg9LgIL6HQAANE/?a=1988&bti=NDU3ZjAwOg%3D%3D&ch=0&cr=3&dr=0&lr=unwatermarked&cd=0%7C0%7C0%7C&cv=1&br=1664&bt=832&cs=0&ds=6&ft=4KJMyMzm8Zmo0GNc1-4jV3lbdpWrKsd.&mime_type=video_mp4&qs=0&rc=OTQ7ZTg2ODg6NWlpZDk2N0BpMzQ7Z3k5cmh2cTMzZzczNEBhYzAvMzYyNTMxXzBeLS4wYSMxcW41MmRrLWNgLS1kMS9zcw%3D%3D&btag=e00088000&expire=1712080792&l=2024033117594605F173B8684C4E5678C0&ply_type=2&policy=2&signature=4ec536b42d1ef58d538e918cd7bad6a7&tk=tt_chain_token,adapt_lowest_1080_1&normal_540_0&adapt_lower_720_1&adapt_540_1&lower_540_0&lowest_540_0,2&20&14&28&24&25, 1711907986.45748,1711907986.457953,1711907987.6568599,1711907987.685222
7,oEwDuQ3EF9IQ0HzlAtQERXnF1f7pAgEVEDfBAZ,58,1131328&1105644&798353&653558&594890&431263,o0b3IVED6tfEZwhQYlFQEQfEGHFnnRA0D9BoIA&oEwDuQ3EF9IQ0HzlAtQERXnF1f7pAgEVEDfBAZ&oUIlQlZEzBFFBARnwDEAXFEE3XDJQ0Qhtff96V&oEOvygJeLGIxchGgChLIAvG7IoAjf1JIQbeyqL&okLoaCDfiSL5Cl2IA7hCeIAfAjXNiq8c0ANMvQ&osEDL9IAVzAFfEFXDXRQw0fnB3DBEBDEZQzltQ,https://v16-webapp-prime.us.tiktok.com/video/tos/useast8/tos-useast8-ve-0068c002-tx2/oEwDuQ3EF9IQ0HzlAtQERXnF1f7pAgEVEDfBAZ/?a=1988&bti=NDU3ZjAwOg%3D%3D&ch=0&cr=3&dr=0&lr=unwatermarked&cd=0%7C0%7C0%7C&cv=1&br=2158&bt=1079&cs=0&ds=6&ft=4KJMyMzm8Zmo0hNc1-4jVYhzdpWrKsd.&mime_type=video_mp4&qs=0&rc=ZWczO2ZpZmk5ZDc8ZDtmNkBpajs5ZnI5cnk4cTMzaTczNEBgYjA2NDJiNl8xMy5hXjU1YSNjbXBfMmRjbzVgLS1kMTJzcw%3D%3D&btag=e00088000&expire=1712080847&l=20240331175949E1F6F843B61BBA55E0CD&ply_type=2&policy=2&signature=59aae225bb0e42f67abe4248da644bdc&tk=tt_chain_token,adapt_lowest_1080_1&normal_540_0&adapt_lower_720_1&adapt_540_1&lower_540_0&lowest_540_0,2&20&14&28&24&25, 1711907989.005568,1711907989.006146,1711907989.883303,1711907989.884372
8,ocenQUEDpNfBGp8gGlR9EGkIwXFjXRAvdlB9xg,62,1900499&1598527&1176699&863444&846781&607490,ogN0LaPIPuG6ARbgeFLWAz7GAIQf4GHIejeRMS&ocenQUEDpNfBGp8gGlR9EGkIwXFjXRAvdlB9xg&oo9rw3BQtEyIiOjzgqfAImyUC0D8HoCuAiASNI&oMoCr3Q2mijSAAqYuy0yIOwGziIRfADBE9Gw8d&osMLgfGXDBelFhdEl9EMRPQtvBUINkGgpkRMnA&oADN9wfngdGRlFIEGXpBAlUkEvIBGQXgRGqf7q,https://v16-webapp-prime.us.tiktok.com/video/tos/alisg/tos-alisg-pve-0037c001/ocenQUEDpNfBGp8gGlR9EGkIwXFjXRAvdlB9xg/?a=1988&bti=NDU3ZjAwOg%3D%3D&ch=0&cr=3&dr=0&lr=unwatermarked&cd=0%7C0%7C0%7C&cv=1&br=3122&bt=1561&cs=0&ds=6&ft=4KJMyMzm8Zmo0hNc1-4jVYhzdpWrKsd.&mime_type=video_mp4&qs=0&rc=ZWlmNmhkODs2NThmZjQ0aUBpMzZ0ZG45cnNrcDMzODczNEAuXi4vNTJjX14xYjViYjRgYSM2M3FnMmRjZ3JgLS1kMTFzcw%3D%3D&btag=e00090000&expire=1712080851&l=20240331175949E1F6F843B61BBA55E0CD&ply_type=2&policy=2&signature=555b88a0818a283308f9ed208d35c1c9&tk=tt_chain_token,adapt_lowest_1080_1&normal_540_0&adapt_lower_720_1&lower_540_0&adapt_540_1&lowest_540_0,2&20&14&24&28&25, 1711907989.005568,1711907989.006146,1711907989.883303,1711907989.884372
9,oknOM83ZIQekiJXEEDLAXCY7Azj1Af5R0HAe31,214,1240064&1204354&865911&724869&637027&460485,oknOM83ZIQekiJXEEDLAXCY7Azj1Af5R0HAe31&o0iMQDCLHA1IMGjEeItbegRAdZxGOL7n1kesbI&oILOs7RYIV1ECeiIQZs7bHAwgjLItkeMeAbGnI&ocEnqgkGLCY7RPeLIlH1fAQiIHb7eOQAMjILcZ&ookdRlQxnyGEErD1DAETI9zfsNsgWFIDQfSBia&oAjEifadfgHRDKLEQN9EAsBSrDnFIK8GlIzxyi,https://v16-webapp-prime.us.tiktok.com/video/tos/useast5/tos-useast5-ve-0068c004-tx/oknOM83ZIQekiJXEEDLAXCY7Azj1Af5R0HAe31/?a=1988&bti=NDU3ZjAwOg%3D%3D&ch=0&cr=3&dr=0&lr=unwatermarked&cd=0%7C0%7C0%7C&cv=1&br=2422&bt=1211&cs=0&ds=6&ft=4KJMyMzm8Zmo0hNc1-4jVYhzdpWrKsd.&mime_type=video_mp4&qs=0&rc=Ozk4OTVlOGVlaDo4NmU0M0BpMzt1O3g5cnV0cDMzZzczNEAwNGM1Xi0zXy8xMjBjXzNgYSNlcmxwMmQ0bWJgLS1kMS9zcw%3D%3D&btag=e00098000&expire=1712081003&l=20240331175949E1F6F843B61BBA55E0CD&ply_type=2&policy=2&signature=864b2c678a4ead7be77f9bdbd6061e68&tk=tt_chain_token,normal_540_0&adapt_lowest_1080_1&adapt_lower_720_1&adapt_540_1&lower_540_0&lowest_540_0,20&2&14&28&24&25, 1711907989.005568,1711907989.006146,1711907989.883303,1711907989.884372
10,ogtvLcAreAQD242VgGjLeeC4sIHkLIjx36DIDv,10,1391000&1386281&856313&683067&568423&480099,ogtvLcAreAQD242VgGjLeeC4sIHkLIjx36DIDv&ocj1SIFEDWDc9B2ugEfjAYQx4F7fBlDEK3cRCX&ocL4KCRLrANxHcLgIve6WjtCkfveIstMI34AQG&okD5IevIjk9ei4WwsA36fQDrgA3LbvG22L7HLC&okMDFBW79E3zurcXILoiEfcFS21nlEAfQD4Rgg&oIuFcEB4I6RS7c1Fzf37XE9WldE2fD9q1JEgAD,https://v16-webapp-prime.us.tiktok.com/video/tos/useast5/tos-useast5-ve-0068c004-tx/ogtvLcAreAQD242VgGjLeeC4sIHkLIjx36DIDv/?a=1988&bti=NDU3ZjAwOg%3D%3D&ch=0&cr=3&dr=0&lr=unwatermarked&cd=0%7C0%7C0%7C&cv=1&br=2716&bt=1358&cs=0&ds=6&ft=4KJMyMzm8Zmo05Nc1-4jVhG.dpWrKsd.&mime_type=video_mp4&qs=0&rc=NzNnNDk5ZGY7ZWZnNjg1ZUBpM2h1eXU5cjR3cTMzZzczNEA0Y2E1Ni4yX18xYDBjY2IyYSNiZW5yMmRjYl9gLS1kMS9zcw%3D%3D&btag=e00088000&expire=1712080834&l=202403311800239BD193BCDCA31655895A&ply_type=2&policy=2&signature=0c10787b44e6581908b233be8e4caa40&tk=tt_chain_token,normal_540_0&adapt_lowest_1080_1&adapt_lower_720_1&lower_540_0&adapt_540_1&lowest_540_0,20&2&14&24&28&25, 1711908023.0584471,1711908023.059152,1711908024.153759,1711908024.1544168
11,oUygfk5FHGLkykWSx8LOAyRIjAAdAJHeIECLfi,8,1241279&1165964&858146&703065&675393&494034,oUygfk5FHGLkykWSx8LOAyRIjAAdAJHeIECLfi&ooKLIfFOKCSDXcVJDQDAEZygRZlgGBzEBRE5fI&o4f2GRDSyBDF5pfINELdgwAXcZZgKloCDERJEb&o8WkkQHIGyfyiCM5AIeUAGWsWLyFiLHIkAejHS&oUejgIyy8AHJcTFk5fCHQXyXArLfHLAikWGk0I&o8AwHIfLkIHP1jWIyeSeCLLkuGLZyiQA5EWyFA,https://v16-webapp-prime.us.tiktok.com/video/tos/useast5/tos-useast5-ve-0068c002-tx/oUygfk5FHGLkykWSx8LOAyRIjAAdAJHeIECLfi/?a=1988&bti=NDU3ZjAwOg%3D%3D&ch=0&cr=3&dr=0&lr=unwatermarked&cd=0%7C0%7C0%7C&cv=1&br=2424&bt=1212&cs=0&ds=6&ft=4KJMyMzm8Zmo05Nc1-4jVhG.dpWrKsd.&mime_type=video_mp4&qs=0&rc=ZGg7MzVkNWQ1OzlpZzQzOEBpamhsO2o5cmprcTMzZzczNEAxYjNeLWFjXmAxNTIuYjRhYSNjX18zMmRzYDFgLS1kMS9zcw%3D%3D&btag=e00088000&expire=1712080832&l=202403311800239BD193BCDCA31655895A&ply_type=2&policy=2&signature=89c32209a9fe869ac71084989e788d04&tk=tt_chain_token,normal_540_0&adapt_lowest_1080_1&adapt_lower_720_1&adapt_540_1&lower_540_0&lowest_540_0,20&2&14&28&24&25, 1711908023.0584471,1711908023.059152,1711908024.153759,1711908024.1544168
12,oIQbpeVfRliObSDPB9Bdk7iS2Bj3gA8I0WMMEE,61,2480698&1750912&1558593&1239068&840823&573654,oEij9SREIDAfbEPdQlNgpV0kSBi7bM3BS0pem8&oIQbpeVfRliObSDPB9Bdk7iS2Bj3gA8I0WMMEE&oMdkbLjERE0AcSYf8HIQp9BlcvViiDeSBgJ7M3&oUl3D8bMEGSVBk0EIeJdCDAXQRiQGSfpGg9B7i&oolLC6cYI7fLReXAsAvguUSrj3n2GHAzIeNRtk&oMTBdAIHSSgj7EIlf3FfDBgP2Mva7qQpRID5E9,https://v16-webapp-prime.us.tiktok.com/video/tos/useast5/tos-useast5-pve-0068-tx/oIQbpeVfRliObSDPB9Bdk7iS2Bj3gA8I0WMMEE/?a=1988&bti=NDU3ZjAwOg%3D%3D&ch=0&cr=3&dr=0&lr=unwatermarked&cd=0%7C0%7C0%7C&cv=1&br=3418&bt=1709&cs=0&ds=6&ft=4KJMyMzm8Zmo05Nc1-4jVhG.dpWrKsd.&mime_type=video_mp4&qs=0&rc=NzY8ZGk5ZGZkNmVlaWkzZEBpanVwZHY5cnlscTMzZzczNEAtYjY0YjFiXzUxMV4uMDU1YSNeNWNuMmRjcWJgLS1kMS9zcw%3D%3D&btag=e00090000&expire=1712080885&l=202403311800239BD193BCDCA31655895A&ply_type=2&policy=2&signature=e990ed6aac199d800b10e2865aa7a19f&tk=tt_chain_token,adapt_lowest_1080_1&normal_540_0&adapt_lower_720_1&adapt_540_1&lower_540_0&lowest_540_0,2&20&14&28&24&25, 1711908023.0584471,1711908023.059152,1711908024.153759,1711908024.1544168
13,owi52OICIBAvNEv4PyIw1T7xpAiI0yfBjC4GS8,10,797374&737944&554328&379159&271751,owi52OICIBAvNEv4PyIw1T7xpAiI0yfBjC4GS8&o4fwiO4ghA4eXrZIehFBGOAXsuAjv2RQYOfyJj&o4QxIVHbjkteAcDL3FPifoBrmg5IaEKAkjMfC1&ocyNpB47GA0IjAiI8BxE1OCHPfC2wFvjyIyBiT&oknekQaIDtBgMCyoAEfNA6KfjF3rXLHI55mjF4,https://v16-webapp-prime.us.tiktok.com/video/tos/useast5/tos-useast5-pve-0068-tx/owi52OICIBAvNEv4PyIw1T7xpAiI0yfBjC4GS8/?a=1988&bti=NDU3ZjAwOg%3D%3D&ch=0&cr=3&dr=0&lr=unwatermarked&cd=0%7C0%7C0%7C&cv=1&br=1556&bt=778&cs=0&ds=6&ft=4KJMyMzm8Zmo0ONc1-4jVK~.dpWrKsd.&mime_type=video_mp4&qs=0&rc=OjNkNmU8OGlnOmlkZ2VpZEBpam51d3Y5cjlmcTMzZzczNEAzNF9iYjYzNTIxYi0tYTJiYSM2MGJxMmRrZHBgLS1kMS9zcw%3D%3D&btag=e00088000&expire=1712080841&l=202403311800311CB015015D23D6563A88&ply_type=2&policy=2&signature=94258742463f1e5b6af1fcfe5357bc79&tk=tt_chain_token,normal_540_0&adapt_lower_720_1&adapt_540_1&lower_540_0&lowest_540_0,20&14&28&24&25, 1711908030.9960032,1711908030.996667,1711908031.9799511,1711908032.036153
14,oozFirgAfAQxcbg8gDRmjRBUMEDSFEKXbpFIeq,26,820570&473470&375297&350798&324396,oozFirgAfAQxcbg8gDRmjRBUMEDSFEKXbpFIeq&ocbADfqiEERSIImrbgmgFBjCQPRpAfXUUDoCzq&o4B56k0UmIHqiNEEWB11gZ4ixQKLBAOv4Cgrm&osoBKEvxJWUK1E4gGAIBiCqr5QINZ4KmgBA1i&okEgrvBEIxiNg1CB5BWmNWiUB4Q41KaAUEZgq,https://v16-webapp-prime.us.tiktok.com/video/tos/useast5/tos-useast5-pve-0068-tx/oozFirgAfAQxcbg8gDRmjRBUMEDSFEKXbpFIeq/?a=1988&bti=NDU3ZjAwOg%3D%3D&ch=0&cr=3&dr=0&lr=unwatermarked&cd=0%7C0%7C0%7C&cv=1&br=1602&bt=801&cs=0&ds=6&ft=4KJMyMzm8Zmo0ONc1-4jVK~.dpWrKsd.&mime_type=video_mp4&qs=0&rc=aTZlZThnaTo7Ojc2ZjY5OEBpM285dm85cnI8cjMzZzczNEA2YWE1L2M1X18xNDZhL19hYSNpa2MzMmRrYS5gLS1kMS9zcw%3D%3D&btag=e00088000&expire=1712080857&l=202403311800311CB015015D23D6563A88&ply_type=2&policy=2&signature=fc95f2ec73fdad3f40d8409409ea9536&tk=tt_chain_token,normal_540_0&lower_540_0&adapt_lower_720_1&lowest_540_0&adapt_540_1,20&24&14&25&28, 1711908030.9960032,1711908030.996667,1711908031.9799511,1711908032.036153
15,oYvQeIO4gAjKGMiejLe3DLGEfu9hkII0VnzlK0,6,406473&269260&250253&204117&150724,oYvQeIO4gAjKGMiejLe3DLGEfu9hkII0VnzlK0&oYE8AOe9fLvGMIDHQLIGijekI1sagjz3Ge0l0j&o8VIkeD00gejGWmIGziIAlEeOG9LQnu3LejMu3&ookjJFeGLEOiee0LIYzDqAQMIGz0e9Ig3jIaHl&oYHDLGIijDG0gzAlQLbIEP36keLNj9eIEfAMeT,https://v16-webapp-prime.us.tiktok.com/video/tos/useast2a/tos-useast2a-ve-0068-euttp/oYvQeIO4gAjKGMiejLe3DLGEfu9hkII0VnzlK0/?a=1988&bti=NDU3ZjAwOg%3D%3D&ch=0&cr=3&dr=0&lr=unwatermarked&cd=0%7C0%7C0%7C&cv=1&br=792&bt=396&cs=0&ds=6&ft=4KJMyMzm8Zmo0ONc1-4jVK~.dpWrKsd.&mime_type=video_mp4&qs=0&rc=O2Y3ZTo2OjtpZDNmaGlkO0BpM2ltbXI5cnY0cTMzZjczM0BfXmBeNTYxXzIxLWBgYWJiYSM2bmNlMmRrbHFgLS1kMWNzcw%3D%3D&btag=e00088000&expire=1712080837&l=202403311800311CB015015D23D6563A88&ply_type=2&policy=2&signature=904a0e80a28c93667fc4e61d518d30dd&tk=tt_chain_token,normal_540_0&adapt_lowest_1080_1&lower_540_0&adapt_lower_720_1&adapt_540_1,20&2&24&14&28, 1711908030.9960032,1711908030.996667,1711908031.9799511,1711908032.036153
16,oUnARLOPn5PyihAzIIKzIyjBoiUCnkQbnPfqE2,63,2352257&2065116&1307136&1027262&837412,oUnARLOPn5PyihAzIIKzIyjBoiUCnkQbnPfqE2&oknfnIOEBPyInAzjoiPKA8QqLinbPyhCDzzIl5&ogCP4OIonbAiziny7FIjzfPb6IBxhAJELQMyn5&o0Ie1xQgeOALmI5yfpjHO8eslBG9GEPIXgtLd5&oYYbeAG8mlnGPLjeLdHxBgeIgQezEsvIMtO5IX,https://v16-webapp-prime.us.tiktok.com/video/tos/useast2a/tos-useast2a-ve-0068-euttp/oUnARLOPn5PyihAzIIKzIyjBoiUCnkQbnPfqE2/?a=1988&bti=NDU3ZjAwOg%3D%3D&ch=0&cr=3&dr=0&lr=unwatermarked&cd=0%7C0%7C0%7C&cv=1&br=4594&bt=2297&cs=0&ds=6&ft=4KJMyMzm8Zmo0ONc1-4jVK~.dpWrKsd.&mime_type=video_mp4&qs=0&rc=ZzU4PDc2OzdnZDllOWk4M0BpajZ2cG05cmh2cTMzZjczM0BjNGBfM2EyXi0xMmA1Xl4yYSNta21nMmQ0ZHBgLS1kMWNzcw%3D%3D&btag=e00090000&expire=1712080894&l=202403311800311CB015015D23D6563A88&ply_type=2&policy=2&signature=4892f896c92e7caae3f04b102701e829&tk=tt_chain_token,normal_540_0&adapt_lowest_1080_1&lower_540_0&adapt_lower_720_1&adapt_540_1,20&2&24&14&28, 1711908030.9960032,1711908030.996667,1711908031.9799511,1711908032.036153
17,owrIkEQ5oAFgglwHIifzayBAbD7AkiCoxo1oQb,60,507314,owrIkEQ5oAFgglwHIifzayBAbD7AkiCoxo1oQb,https://v16-webapp-prime.us.tiktok.com/video/tos/useast2a/tos-useast2a-ve-0068c002/owrIkEQ5oAFgglwHIifzayBAbD7AkiCoxo1oQb/?a=1988&bti=NDU3ZjAwOg%3D%3D&ch=0&cr=3&dr=0&lr=unwatermarked&cd=0%7C0%7C0%7C&cv=1&br=990&bt=495&cs=0&ds=2&ft=4KJMyMzm8Zmo0ONc1-4jVK~.dpWrKsd.&mime_type=video_mp4&qs=0&rc=NjNpOTY2Z2Q8ZDVkNTxnZEBpMzpwdmo5cm5ucTMzNzczM0BfMV4zYC0uNi8xNTExLjJiYSNmZHJmMmRjMmFgLS1kMTZzcw%3D%3D&btag=e00090000&expire=1712080891&l=202403311800311CB015015D23D6563A88&ply_type=2&policy=2&signature=7d32839579741c9b2b36bb4aa0793d25&tk=tt_chain_token,normal_480_0,30, 1711908030.9960032,1711908030.996667,1711908031.9799511,1711908032.036153
18,oA84pIrBPDVgd87mAZjsWERU0QaUiidVEbBrz,16,1879556&1861086&1245415&968960&929945&649213,o4ZIcvaE8UEbAWBg08iVD7iUwpQDdDRm4PEBd&oA84pIrBPDVgd87mAZjsWERU0QaUiidVEbBrz&oMeoVlWjDIXw6a2RA3FgSiRY4BfglEDQEmgNE2&oEg0Udda8RA7BE7bvaPBZVBXEi4PmiQIsUpW7&osr4VbZR2a8iTiiPUU8Qd7mBdg0WErILBEBAp&o0PB2iUEBgAaiSWRd8ErjZ4Vm7QdIbSUbB0pL,https://v16-webapp-prime.us.tiktok.com/video/tos/useast5/tos-useast5-ve-0068c001-tx/oA84pIrBPDVgd87mAZjsWERU0QaUiidVEbBrz/?a=1988&bti=NDU3ZjAwOg%3D%3D&ch=0&cr=3&dr=0&lr=unwatermarked&cd=0%7C0%7C0%7C&cv=1&br=3634&bt=1817&cs=0&ds=6&ft=4KJMyMzm8Zmo0ONc1-4jVK~.dpWrKsd.&mime_type=video_mp4&qs=0&rc=NDxkM2Q2ZTo3PDQ2ZTo1ZEBpanZrc3U5cnA4cTMzZzczNEAvNDI0LV8uNjQxYzQyLTM1YSNia2o1MmQ0NWFgLS1kMS9zcw%3D%3D&btag=e00088000&expire=1712080847&l=202403311800311CB015015D23D6563A88&ply_type=2&policy=2&signature=7bf63e215594df499de75d5f7d94c2d3&tk=tt_chain_token,adapt_lowest_1080_1&normal_540_0&adapt_lower_720_1&adapt_540_1&lower_540_0&lowest_540_0,2&20&14&28&24&25, 1711908030.9960032,1711908030.996667,1711908031.9799511,1711908032.036153
19,oQLxwE4MEAgCHmZgI2fdkj7Ck9IeIEbfIMUAQG,12,1702745&1047846&1026913&841468&814741,oQLxwE4MEAgCHmZgI2fdkj7Ck9IeIEbfIMUAQG&okAtBQjhELEB4BwN4PUZuIMPKgIl7ii9igTLj&oAmRjdUOMQkDIAH23CELfYxIIbGgMhACZAekpf&oEjt40UiZPdEOBPhBLu0HAETI9gQIgjAB7iK3&ocYxQkUMZGAi3fCAYdL2HjMgoICAmCfEIbeCRI,https://v16-webapp-prime.us.tiktok.com/video/tos/useast5/tos-useast5-ve-0068c003-tx/oQLxwE4MEAgCHmZgI2fdkj7Ck9IeIEbfIMUAQG/?a=1988&bti=NDU3ZjAwOg%3D%3D&ch=0&cr=3&dr=0&lr=unwatermarked&cd=0%7C0%7C0%7C&cv=1&br=3324&bt=1662&cs=0&ds=6&ft=4KJMyMzm8Zmo0ONc1-4jVK~.dpWrKsd.&mime_type=video_mp4&qs=0&rc=aWQ3ZjkzN2U8ZzM7aTlnZ0BpM21wbXc5cmVocjMzZzczNEA2Yl8zNDMxX2ExNDE1Y2AzYSMyL3FlMmQ0cDFgLS1kMS9zcw%3D%3D&btag=e00088000&expire=1712080843&l=202403311800311CB015015D23D6563A88&ply_type=2&policy=2&signature=9bc4897ace7d7ab48348f2e520b79b8f&tk=tt_chain_token,normal_540_0&lower_540_0&adapt_lower_720_1&adapt_540_1&lowest_540_0,20&24&14&28&25, 1711908030.9960032,1711908030.996667,1711908031.9799511,1711908032.036153
20,occNrKsRGRLAeUfeiQgAtSGY8RoLIQlDFAkePH,23,1898879&1040178&986233&822782&439962&299679,osvFXiPEBRAHiT0i6aEREZAE74QgIzRVjBUcY&owvSjAUZ7BEX4iHB4UEPIH06VacorgRiQECAi&occNrKsRGRLAeUfeiQgAtSGY8RoLIQlDFAkePH&owZIuSHEGVEjA0BRUaiEA4iPtcQC6Ni7AvhBg&okfFxAf2qDIg0HjIISApQGFEMYC1cMOfDsIhCq&oA1xHMTofACwa2DSIfmOfFIApFjohDZmGqEQI0,https://v16-webapp-prime.us.tiktok.com/video/tos/useast8/tos-useast8-pve-0068-tx2/occNrKsRGRLAeUfeiQgAtSGY8RoLIQlDFAkePH/?a=1988&bti=NDU3ZjAwOg%3D%3D&ch=0&cr=3&dr=0&lr=unwatermarked&cd=0%7C0%7C0%7C&cv=1&br=1926&bt=963&cs=0&ds=6&ft=4KJMyMzm8Zmo0ONc1-4jVK~.dpWrKsd.&mime_type=video_mp4&qs=0&rc=O2k0PGZnOWg0OGQ6NDNlPEBpM3RsaHI5cm5qcjMzaTczNEA1X2A0Xy0uNi4xNDA2LzRgYSNxM25lMmRrczBgLS1kMTJzcw%3D%3D&btag=e00088000&expire=1712080854&l=202403311800311CB015015D23D6563A88&ply_type=2&policy=2&signature=c40e6fd14ec48261958bd2630f20daf8&tk=tt_chain_token,adapt_lowest_1080_1&adapt_lower_720_1&normal_540_0&adapt_540_1&lower_540_0&lowest_540_0,2&14&20&28&24&25, 1711908030.9960032,1711908030.996667,1711908031.9799511,1711908032.036153
21,ooC7VGEIQNAYueGfr8F8NyYBg3fTORAKDEeGgm,9,1342455&830355&750537&558437&550555&460263,ooC7VGEIQNAYueGfr8F8NyYBg3fTORAKDEeGgm&okIxeAGGAwwNfLGmYVrdf58RAgfcEWUQ9BM9IC&osgm591VGQAtAbMfACL08eGdrEegYYNgIeAWRG&o8fRFQWGWAMAdYNAfBbA8tQqYchOGfMN8e79wE&oYTNENAFBQnmAGTAK6RGVfIefg8uDfwE82LYrN&oofTHCuANQEEeBAKm5DV8YI8GQDfuAGreFgRcr,https://v16-webapp-prime.us.tiktok.com/video/tos/useast2a/tos-useast2a-ve-0068-euttp/ooC7VGEIQNAYueGfr8F8NyYBg3fTORAKDEeGgm/?a=1988&bti=NDU3ZjAwOg%3D%3D&ch=0&cr=3&dr=0&lr=unwatermarked&cd=0%7C0%7C0%7C&cv=1&br=2620&bt=1310&cs=0&ds=6&ft=4KJMyMzm8Zmo0ONc1-4jVK~.dpWrKsd.&mime_type=video_mp4&qs=0&rc=ODQ5N2Y0NmZnM2ZkOGVlOkBpM2Q5b205cnVpcjMzZjczM0A2YjBgXy4vNV4xNGItLWNhYSNsLmEvMmRrYzBgLS1kMWNzcw%3D%3D&btag=e00088000&expire=1712080840&l=202403311800311CB015015D23D6563A88&ply_type=2&policy=2&signature=d2ec887434b198cfaf86bbcef4f88c8d&tk=tt_chain_token,normal_540_0&adapt_lowest_1080_1&lower_540_0&adapt_lower_720_1&lowest_540_0&adapt_540_1,20&2&24&14&25&28, 1711908030.9960032,1711908030.996667,1711908031.9799511,1711908032.036153
22,o8JIXCeIZgD9MFySGIC2jEAecYQELRIHGf4LvM,5,629548&408884&385694&302656&277156&226620,oY2GfAeYSDINyfjQIFgRQELIiTxXnMMRGWCLCH&oELC8EFeQMeMLCAfQ2YyjwXGgIgISNIYGRDSIm&o8JIXCeIZgD9MFySGIC2jEAecYQELRIHGf4LvM&oA6IYlDjDE0A5Gf7AiFDJaRCLBfFmTBIEJQMEB&ogLGSLGIjICj5IIFsMIQY2CAvGEgefERDMeyXI&o0ejQI2GyfFX49YMXVCiI9RvgELeCMALDEGSWI,https://v16-webapp-prime.us.tiktok.com/video/tos/useast2a/tos-useast2a-ve-0068c003/o8JIXCeIZgD9MFySGIC2jEAecYQELRIHGf4LvM/?a=1988&bti=NDU3ZjAwOg%3D%3D&ch=0&cr=3&dr=0&lr=unwatermarked&cd=0%7C0%7C0%7C&cv=1&br=752&bt=376&cs=0&ds=6&ft=4KJMyMzm8Zmo0ONc1-4jVK~.dpWrKsd.&mime_type=video_mp4&qs=0&rc=OTpoNTtmaDU1NWZkNzM0M0BpamU1bXk5cmo4cjMzNzczM0A1Y19iMmIwXy8xMF9hXmE1YSNwMS5lMmRrcTBgLS1kMTZzcw%3D%3D&btag=e00088000&expire=1712080836&l=202403311800311CB015015D23D6563A88&ply_type=2&policy=2&signature=d491d224158ec5f85886400e9a6c3c15&tk=tt_chain_token,adapt_lowest_1080_1&adapt_lower_720_1&normal_540_0&adapt_540_1&lower_540_0&lowest_540_0,2&14&20&28&24&25, 1711908030.9960032,1711908030.996667,1711908031.9799511,1711908032.036153
23,osANhClzniJQIIwEUCGfAiKAwBbMlxI0GnSWjo,67,1017959&797507&584606&528697&442403,osANhClzniJQIIwEUCGfAiKAwBbMlxI0GnSWjo&ogjK9QGCz4hASGWGA0iioUBJCAAI2mbEIlfSnx&oYGGJlUitjIWQESI9AizAK8BoCn5EhhlfxACS0&oYgMGTEfRmEfIPDWBsDMkoFiixNBQApQLuVIIE&oYHJMeEIQDQmTaBfGVFPMzAkEoosyEALDBiRgp,https://v16-webapp-prime.us.tiktok.com/video/tos/useast2a/tos-useast2a-ve-0068-euttp/osANhClzniJQIIwEUCGfAiKAwBbMlxI0GnSWjo/?a=1988&bti=NDU3ZjAwOg%3D%3D&ch=0&cr=3&dr=0&lr=unwatermarked&cd=0%7C0%7C0%7C&cv=1&br=1988&bt=994&cs=0&ds=6&ft=4KJMyMzm8Zmo0ONc1-4jVK~.dpWrKsd.&mime_type=video_mp4&qs=0&rc=NzplODtoOWkzNmVkM2k3ZUBpMzlzcm45cjc1cjMzZjczM0A2XjI2LjUuNmIxLi0uXmMvYSMuMW5mMmRzaDBgLS1kMWNzcw%3D%3D&btag=e00090000&expire=1712080898&l=202403311800311CB015015D23D6563A88&ply_type=2&policy=2&signature=d35840bf56064a07d59a3d430b741337&tk=tt_chain_token,normal_540_0&adapt_lowest_1080_1&lower_540_0&adapt_lower_720_1&adapt_540_1,20&2&24&14&28, 1711908030.9960032,1711908030.996667,1711908031.9799511,1711908032.036153
24,oM3EEFAFiQ02HGgAnfRelhIYnqifDfQEkRSXa5,23,865947&646296&532915&454532&371008,oM3EEFAFiQ02HGgAnfRelhIYnqifDfQEkRSXa5&ognQUXlaFDxe3ki82qFfAhIEGA2dgNffRDEXlY&oMfAalifAnhRY2kXG9qEFi3lREIvQgF59nCefD&owBEgi7QjQbILAxf8Q1f3MVntSNBICifSTtCZx&oUXef2lxIDYqEinRQfC8AFAhgGFVhkfarA3DhE,https://v16-webapp-prime.us.tiktok.com/video/tos/useast2a/tos-useast2a-ve-0068c004/oM3EEFAFiQ02HGgAnfRelhIYnqifDfQEkRSXa5/?a=1988&bti=NDU3ZjAwOg%3D%3D&ch=0&cr=3&dr=0&lr=unwatermarked&cd=0%7C0%7C0%7C&cv=1&br=1690&bt=845&cs=0&ds=6&ft=4KJMyMzm8Zmo0ONc1-4jVK~.dpWrKsd.&mime_type=video_mp4&qs=0&rc=OmdnZWk0MzQzZzlpNTxmPEBpamxpdXU5cmlmcTMzNzczM0BiMDY1M2EwNjIxNDQ2NC80YSNuL182MmRzNXJgLS1kMTZzcw%3D%3D&btag=e00088000&expire=1712080854&l=202403311800311CB015015D23D6563A88&ply_type=2&policy=2&signature=f33db3c81a2ec120ff8e7f345d5b56b8&tk=tt_chain_token,normal_540_0&adapt_lowest_1080_1&lower_540_0&adapt_lower_720_1&adapt_540_1,20&2&24&14&28, 1711908030.9960032,1711908030.996667,1711908031.9799511,1711908032.036153
25,oQ14CD8iIk6vpBbKwoQzcETfIAty63BG582giA,90,306736&245540&211765&170729&170282,oQ14CD8iIk6vpBbKwoQzcETfIAty63BG582giA&ocq5lgAe8AgZMPfdAMGXrsEolQFkWRkn3YKRfe&oQXyHvgUQEw167ECMwLI8D1CfIj1STjfgAbFfj&oc4BEKkI1CgztrBpgBoi4fRzIvx6y8iA6QB38A&oYBfBv38CiEkE1w4tQyoiA68IQIzA1pKXglB6Z,https://v16-webapp-prime.us.tiktok.com/video/tos/useast2a/tos-useast2a-ve-0068c001/oQ14CD8iIk6vpBbKwoQzcETfIAty63BG582giA/?a=1988&bti=NDU3ZjAwOg%3D%3D&ch=0&cr=3&dr=0&lr=unwatermarked&cd=0%7C0%7C0%7C&cv=1&br=598&bt=299&cs=0&ds=6&ft=4KJMyMzm8Zmo0ONc1-4jVK~.dpWrKsd.&mime_type=video_mp4&qs=0&rc=OGc5aDwzO2hmaDs1OjZkM0BpM3JkeHE5cnZmcTMzNzczM0AzLl5gNV81NWIxYTZjYTZiYSMyZ2tqMmRrMHJgLS1kMTZzcw%3D%3D&btag=e00090000&expire=1712080921&l=202403311800311CB015015D23D6563A88&ply_type=2&policy=2&signature=23e93b3c39e1d5878425077f75626185&tk=tt_chain_token,normal_540_0&adapt_lower_720_1&lower_540_0&adapt_540_1&lowest_540_0,20&14&24&28&25, 1711908030.9960032,1711908030.996667,1711908031.9799511,1711908032.036153
26,ooAuIdBhfnuPEFrL7AkmpUwiQ0ziICyyBEwAXE,61,747805&525655&450383&379334&356183&343086,ooAuIdBhfnuPEFrL7AkmpUwiQ0ziICyyBEwAXE&oQtuqBfEEApwAEQCzBhivyEDjIvIw1iLy7Am0P&oICLNwIwpjAi0iuhjwIEzfPmSEBEBADEyQWyA7&okIx7yyCtAuCrwImzLEAXiiBEhBWEfQUAP0wqp&osE7wAEimmILQExIvAiyAhjBw0pOCBGWPufCyz&oUCgEaiEIBwywwfPmhip7Fby0nEL0CAABAuIQz,https://v16-webapp-prime.us.tiktok.com/video/tos/useast5/tos-useast5-ve-0068c003-tx/ooAuIdBhfnuPEFrL7AkmpUwiQ0ziICyyBEwAXE/?a=1988&bti=NDU3ZjAwOg%3D%3D&ch=0&cr=3&dr=0&lr=unwatermarked&cd=0%7C0%7C0%7C&cv=1&br=1460&bt=730&cs=0&ds=6&ft=4KJMyMzm8Zmo0ONc1-4jVK~.dpWrKsd.&mime_type=video_mp4&qs=0&rc=M2Q8ZDpoODw4OzozO2k8OEBpMzdpPG05cmpycTMzZzczNEAvMGEtMTFgXi0xMl5eMGFeYSNuMWUtMmQ0NnFgLS1kMS9zcw%3D%3D&btag=e00090000&expire=1712080892&l=202403311800311CB015015D23D6563A88&ply_type=2&policy=2&signature=5f02b361c1ec066188db9620bade229d&tk=tt_chain_token,normal_540_0&adapt_lowest_1080_1&lower_540_0&adapt_lower_720_1&lowest_540_0&adapt_540_1,20&2&24&14&25&28, 1711908030.9960032,1711908030.996667,1711908031.9799511,1711908032.036153
27,owLfSKxkNCvgdALjJC9RjfwAF8ISgkeHhL0GIU,16,770742&484832&418928&365382&356680,owLfSKxkNCvgdALjJC9RjfwAF8ISgkeHhL0GIU&ow8vjNUejLIbfSCxCSGx9LLd7fH8gAJgk20GQI&okajCSeGSQJxjeLIk6iqT83d4CjAxILALZfNIg&oMIjSJIxJH2jlTGeCgeqLkASWLQ3fp6NCd8L0I&oU0DigAivIhyvILoZDCfbpEj816ZBvYAkj8yI4,https://v16-webapp-prime.us.tiktok.com/video/tos/useast2a/tos-useast2a-ve-0068c002/owLfSKxkNCvgdALjJC9RjfwAF8ISgkeHhL0GIU/?a=1988&bti=NDU3ZjAwOg%3D%3D&ch=0&cr=3&dr=0&lr=unwatermarked&cd=0%7C0%7C0%7C&cv=1&br=1504&bt=752&cs=0&ds=6&ft=4KJMyMzm8Zmo0ONc1-4jVK~.dpWrKsd.&mime_type=video_mp4&qs=0&rc=OzQ0aWU7ZDk0ZWU0NWhmOUBpanVsbGw5cnNocTMzNzczM0BfMV41NF42NjAxX18zM15gYSNucjNgMmRrZnBgLS1kMTZzcw%3D%3D&btag=e00088000&expire=1712080847&l=202403311800311CB015015D23D6563A88&ply_type=2&policy=2&signature=8c02c537859ceea4391dbd9efb6d358f&tk=tt_chain_token,normal_540_0&lower_540_0&adapt_lower_720_1&lowest_540_0&adapt_540_1,20&24&14&25&28, 1711908030.9960032,1711908030.996667,1711908031.9799511,1711908032.036153
28,oUb9PIJEDfKl0BS9QEftAkQLyFOQjlDEE6ARE3,268,1098032&946989&643597&495750&427042&334501,oUb9PIJEDfKl0BS9QEftAkQLyFOQjlDEE6ARE3&okcQIS6hGGW7fel3oALvgKIIjA0agyTeIeELVp&os6fn3lE0JI99UvlAOQERSQFOfrYIgEPDDABQy&oAORXfv3oAYunRBAUBhA4HgyXuieG6eN8fcSlE&okrfV0CODEzZA36lAyFQPnRJ9BfRlNDIEFQQE9&owhT3AlppegcfIILf7LeGEgz6VmbKAQcjVG0IT,https://v16-webapp-prime.us.tiktok.com/video/tos/useast2a/tos-useast2a-ve-0068-euttp/oUb9PIJEDfKl0BS9QEftAkQLyFOQjlDEE6ARE3/?a=1988&bti=NDU3ZjAwOg%3D%3D&ch=0&cr=3&dr=0&lr=unwatermarked&cd=0%7C0%7C0%7C&cv=1&br=2144&bt=1072&cs=0&ds=6&ft=4KJMyMzm8Zmo0ONc1-4jVK~.dpWrKsd.&mime_type=video_mp4&qs=0&rc=OTdoOTNmOGdpNGZlaTQ5N0BpM3d5bHc5cmxucTMzZjczM0AzNjFfLzAzXmAxY18tMy9iYSMtMjAwMmRjZm9gLS1kMWNzcw%3D%3D&btag=e00098000&expire=1712081099&l=202403311800311CB015015D23D6563A88&ply_type=2&policy=2&signature=7262ebceb532c73103670b90810d5e9d&tk=tt_chain_token,normal_540_0&adapt_lowest_1080_1&lower_540_0&lowest_540_0&adapt_lower_720_1&adapt_540_1,20&2&24&25&14&28, 1711908030.9960032,1711908030.996667,1711908031.9799511,1711908032.036153
29,o0VSIRELGgWEm7jSBEK6fQBA3f6D7FeWoehQkI,13,871707&644748&527934&431896&344053,o0VSIRELGgWEm7jSBEK6fQBA3f6D7FeWoehQkI&oMII3FLVoEBBGkDyEfURAeQgEmjSS7efhTWAj2&ooQV8LGuGRNe5QafYuIgKtEAh0EA05oS3XeIFf&oUeDSw96EnSKE1FgLTBAkjofVWejEfI73IGOSh&oAI3EIGzjjk7AwDLVFHEfBHSSWeIfEkgeho0EY,https://v16-webapp-prime.us.tiktok.com/video/tos/useast2a/tos-useast2a-ve-0068c001-euttp/o0VSIRELGgWEm7jSBEK6fQBA3f6D7FeWoehQkI/?a=1988&bti=NDU3ZjAwOg%3D%3D&ch=0&cr=3&dr=0&lr=unwatermarked&cd=0%7C0%7C0%7C&cv=1&br=1702&bt=851&cs=0&ds=6&ft=4KJMyMzm8Zmo0ONc1-4jVK~.dpWrKsd.&mime_type=video_mp4&qs=0&rc=ZDo4NWZlOjw3NmRpOTtmaUBpMzRsbng5cnFucTMzZjczM0BeYV81LzJeNWMxY140LTFeYSM2L2heMmRzMm9gLS1kMWNzcw%3D%3D&btag=e00088000&expire=1712080844&l=202403311800311CB015015D23D6563A88&ply_type=2&policy=2&signature=498c97d302a6b83c755542d8c7621ddd&tk=tt_chain_token,normal_540_0&adapt_lowest_1080_1&lower_540_0&adapt_lower_720_1&adapt_540_1,20&2&24&14&28, 1711908030.9960032,1711908030.996667,1711908031.9799511,1711908032.036153
30,oMLeKlNX1A91NOxnI3L9fGeE8ZreQ4n2RNoAgG,7,723353&719950&440483&379122&332895,oMLeKlNX1A91NOxnI3L9fGeE8ZreQ4n2RNoAgG&oMQf2X6RLEes9AGl7zIADFENfDDmn1TqmfUYV8&oc3z9APSnfEGqRIzC2o5I9iiraBTvy2OB8hXAq&og6IAd1QmzB8NvXUlFeYReEYrD7Tf6AnGKEfX8&oYAChiqBoTjA539iPhyIhEA9Iz2S1fErX2EzTn,https://v16-webapp-prime.us.tiktok.com/video/tos/useast2a/tos-useast2a-ve-0068-euttp/oMLeKlNX1A91NOxnI3L9fGeE8ZreQ4n2RNoAgG/?a=1988&bti=NDU3ZjAwOg%3D%3D&ch=0&cr=3&dr=0&lr=unwatermarked&cd=0%7C0%7C0%7C&cv=1&br=1412&bt=706&cs=0&ds=6&ft=4KJMyMzm8Zmo0ONc1-4jVK~.dpWrKsd.&mime_type=video_mp4&qs=0&rc=NWQ5ZzU5ZzhnMzNmZ2U2ZUBpM206bnc5cnB5cTMzZjczM0BgY2A2M2NgNi4xMy0yLmIuYSNpbmttMmQ0Y25gLS1kMWNzcw%3D%3D&btag=e00088000&expire=1712080838&l=202403311800311CB015015D23D6563A88&ply_type=2&policy=2&signature=3273b4a7c951f001d7703676f129b791&tk=tt_chain_token,normal_540_0&adapt_lowest_1080_1&adapt_lower_720_1&lower_540_0&adapt_540_1,20&2&14&24&28, 1711908030.9960032,1711908030.996667,1711908031.9799511,1711908032.036153
31,o0eXoDPKCANogG7eAQLKy98GZeP0oQfINREnlI,5,1664433&1073530&803081&538647&510937&431985,o0eXoDPKCANogG7eAQLKy98GZeP0oQfINREnlI&o0YWfI0ZloXAKD7ePFIqELyRGNvGeAP8KQeXo0&oQRVNZgA8xAXUQfeXQGoRy8eePM5NEIQRioX4l&oAwKefKeGIHrKloPAoLL88GZ0EewXcNQIuAPRy&o0ANKQ0lieXIeEQ3onGfoQZe8y9GIPLADUKRKP&oU3y8QZIGKlPfEe0AIeqAwJpoLePLXNRRoKGtl,https://v16-webapp-prime.us.tiktok.com/video/tos/useast2a/tos-useast2a-ve-0068c001-euttp/o0eXoDPKCANogG7eAQLKy98GZeP0oQfINREnlI/?a=1988&bti=NDU3ZjAwOg%3D%3D&ch=0&cr=3&dr=0&lr=unwatermarked&cd=0%7C0%7C0%7C&cv=1&br=3250&bt=1625&cs=0&ds=6&ft=4KJMyMzm8Zmo0ONc1-4jVK~.dpWrKsd.&mime_type=video_mp4&qs=0&rc=ODs3M2g0OztkOWU8OWdnPEBpanRva3Q5cnVpcTMzZjczM0BfNV5jL15iXzExLzItLV9fYSMvNXA0MmQ0Z21gLS1kMWNzcw%3D%3D&btag=e00088000&expire=1712080836&l=202403311800311CB015015D23D6563A88&ply_type=2&policy=2&signature=db1eb0fa20a7930dcf10cce003e0b95b&tk=tt_chain_token,normal_540_0&adapt_lowest_1080_1&lower_540_0&adapt_lower_720_1&lowest_540_0&adapt_540_1,20&2&24&14&25&28, 1711908030.9960032,1711908030.996667,1711908031.9799511,1711908032.036153
32,oQSvERj8QjgRAIeolDETV9FbE3DxPcfyB9Q8DD,10,2360365&1947696&1259524&1155196&855258,oQSvERj8QjgRAIeolDETV9FbE3DxPcfyB9Q8DD&oQVywQC8lHDvD9exBgFEQjDSE8AR6MhEIRf3Pc&osPEey3oIRgEPL8B9xsDfD8RjSAFQocQBbQlEV&ocnQEfA4EFARa8gQIR6DPS9vc7yCjglxADVfBw&oAfSN7ZnclVoQQEel9vFRE0DBPC48IRjjgPAgD,https://v16-webapp-prime.us.tiktok.com/video/tos/useast2a/tos-useast2a-ve-0068c001-euttp/oQSvERj8QjgRAIeolDETV9FbE3DxPcfyB9Q8DD/?a=1988&bti=NDU3ZjAwOg%3D%3D&ch=0&cr=3&dr=0&lr=unwatermarked&cd=0%7C0%7C0%7C&cv=1&br=4610&bt=2305&cs=0&ds=6&ft=4KJMyMzm8Zmo0ONc1-4jVK~.dpWrKsd.&mime_type=video_mp4&qs=0&rc=OmRkZDYzaGRlZjc1MzhkZUBpM3d1ZGo5cm52cTMzZjczM0AwYGEvYGAzXy4xX2IyYl5iYSNyY2sxMmRrZWxgLS1kMWNzcw%3D%3D&btag=e00088000&expire=1712080841&l=202403311800311CB015015D23D6563A88&ply_type=2&policy=2&signature=fe46d2a04d9abc571a3753dff076577d&tk=tt_chain_token,normal_540_0&adapt_lowest_1080_1&lower_540_0&adapt_lower_720_1&adapt_540_1,20&2&24&14&28, 1711908030.9960032,1711908030.996667,1711908031.9799511,1711908032.036153
33,okwxBjfBpI1XIjyCNYG2T9ayuALA0i7JiMHwEw,8,863549&759567&537575&490823&433505&332144,oIPRDEgHQblbGSEeIBch1SFij7sb0DflqrAi3h&okwxBjfBpI1XIjyCNYG2T9ayuALA0i7JiMHwEw&oYfjuEwABIAimjwN1KBapyEZ9Ik75YIKyi2Cbx&o01bxD3QspFlDAhfEgqujSlZYfRG7ASGEIHBPH&o8yyAuP6iwLijXYA1wuI92NZI7xjBBG1Cf3Eap&ooY1aiNCiEPIwD9jyuf72SwAI9xsyBpjBFYLAq,https://v16-webapp-prime.us.tiktok.com/video/tos/useast5/tos-useast5-ve-0068c002-tx/okwxBjfBpI1XIjyCNYG2T9ayuALA0i7JiMHwEw/?a=1988&bti=NDU3ZjAwOg%3D%3D&ch=0&cr=3&dr=0&lr=unwatermarked&cd=0%7C0%7C0%7C&cv=1&br=1482&bt=741&cs=0&ds=6&ft=4KJMyMzm8Zmo0ONc1-4jVK~.dpWrKsd.&mime_type=video_mp4&qs=0&rc=NDs7PDk5NTs3NjdkODo6OkBpM3Rodm85cnI4cTMzZzczNEAvMS1eYWFgNjMxYi9jXmI0YSNvM2AzMmRjb2tgLS1kMS9zcw%3D%3D&btag=e00088000&expire=1712080839&l=202403311800311CB015015D23D6563A88&ply_type=2&policy=2&signature=7e507ef5ca289be8041e939c1fbd34f7&tk=tt_chain_token,adapt_lowest_1080_1&normal_540_0&adapt_lower_720_1&adapt_540_1&lower_540_0&lowest_540_0,2&20&14&28&24&25, 1711908030.9960032,1711908030.996667,1711908031.9799511,1711908032.036153
34,oIfXQkbndlj9QQEeqNnF9EPDBgHS7IRbQlPAgD,10,2920569&2646596&1470859&1165771&999835&856095,oIfXQkbndlj9QQEeqNnF9EPDBgHS7IRbQlPAgD&osSRl7EHNG9gebPyEjQXqJQQDfA5FDgknBlldI&oADDNQljg1RkEX9EFdAf0QIDtQzP7pnBS4fNNl&oYv7PIXEDmbQdB1yQEfTAzQczFexBlDEMlJRlt&osPQdEBXtllAJB51xaEdBF7ERDNDeQQPmIfjzy&o0AIDEmlPEXgCRYIQSbfBFq7PDfD9dQlkTnNjQ,https://v16-webapp-prime.us.tiktok.com/video/tos/useast2a/tos-useast2a-ve-0068c001-euttp/oIfXQkbndlj9QQEeqNnF9EPDBgHS7IRbQlPAgD/?a=1988&bti=NDU3ZjAwOg%3D%3D&ch=0&cr=3&dr=0&lr=unwatermarked&cd=0%7C0%7C0%7C&cv=1&br=5704&bt=2852&cs=0&ds=6&ft=4KJMyMzm8Zmo0ONc1-4jVK~.dpWrKsd.&mime_type=video_mp4&qs=0&rc=Nmk5NGRpPDY2O2dnaDo0OEBpamx1Zmw5cjh3cTMzZjczM0AvLzUvY2A0XzAxLzEwLV81YSMxNGBzMmRzNWpgLS1kMWNzcw%3D%3D&btag=e00088000&expire=1712080841&l=202403311800311CB015015D23D6563A88&ply_type=2&policy=2&signature=ecbf4903e5abe4281820c52f1be7184e&tk=tt_chain_token,normal_540_0&adapt_lowest_1080_1&lower_540_0&adapt_lower_720_1&lowest_540_0&adapt_540_1,20&2&24&14&25&28, 1711908030.9960032,1711908030.996667,1711908031.9799511,1711908032.036153
35,o4lASXqR9BQIoAFRnDeE9wYQB6EUgcfr4ThDEB,8,1037368&583455&501504&454568&364313&360122,o4lASXqR9BQIoAFRnDeE9wYQB6EUgcfr4ThDEB&ooQVISDEREU6AiDlRFHGfgN9CTnE9EMgS8oDBe&okIRTSlAoacRb9CqDDQ8g6FfOoPBUgfnEhEj9w&oMQEVFlRoBKgDUDxIfRD6SOgEeD9C6n983TAR7&os9hwFrBlLDx4QUqBnFEgTD9E6ARrpbEIRfeSo&o4GjV6enWpAQLLcIFfOCA7kEI1QHDg6Aj5Pfgv,https://v16-webapp-prime.us.tiktok.com/video/tos/useast5/tos-useast5-ve-0068c001-tx/o4lASXqR9BQIoAFRnDeE9wYQB6EUgcfr4ThDEB/?a=1988&bti=NDU3ZjAwOg%3D%3D&ch=0&cr=3&dr=0&lr=unwatermarked&cd=0%7C0%7C0%7C&cv=1&br=2026&bt=1013&cs=0&ds=6&ft=4KJMyMzm8Zmo0ONc1-4jVK~.dpWrKsd.&mime_type=video_mp4&qs=0&rc=NmRpZmg6aWRmZjdnZDU8ZUBpamo8aW05cnk7cTMzZzczNEAzNjZgXy4xNV4xMy8xM14vYSMtcGloMmRjNmlgLS1kMS9zcw%3D%3D&btag=e00088000&expire=1712080839&l=202403311800311CB015015D23D6563A88&ply_type=2&policy=2&signature=3336a4a48d98c0ccd434df93fe8b543c&tk=tt_chain_token,normal_540_0&adapt_lowest_1080_1&lower_540_0&adapt_lower_720_1&lowest_540_0&adapt_540_1,20&2&24&14&25&28, 1711908030.9960032,1711908030.996667,1711908031.9799511,1711908032.036153
36,ocAdA799iiXlwCPOIyiBwCf6EhqSoUdsgkpyOI,11,686111&640645&432818&408107&343499&309505,ocAdA799iiXlwCPOIyiBwCf6EhqSoUdsgkpyOI&oYPAnOyfPpEyigAwIUB6I99BoiNCkiNswd9yEq&oYp6wiAIkByD9dCU9oMsAqBOIf9ywpgi9bE5PJ&oc9pIP6cyIkrCRgw7A9iXTUiEdBIwqAOyof5Cs&o4dpy9o9fAI5bUXNHBIysGA67igkiCXOwPTEtw&oAILcgydAwHE9GCy6PkiiUO9IAsf0lkpVoB7Cw,https://v16-webapp-prime.us.tiktok.com/video/tos/useast2a/tos-useast2a-ve-0068c003/ocAdA799iiXlwCPOIyiBwCf6EhqSoUdsgkpyOI/?a=1988&bti=NDU3ZjAwOg%3D%3D&ch=0&cr=3&dr=0&lr=unwatermarked&cd=0%7C0%7C0%7C&cv=1&br=1340&bt=670&cs=0&ds=6&ft=4KJMyMzm8Zmo0ONc1-4jVK~.dpWrKsd.&mime_type=video_mp4&qs=0&rc=aDVmODc6ZmZoOjhnZTw8NEBpM3duZWo5cnN4cTMzNzczM0AzNDMxNjQyNTIxNDNgY2IwYSNxcTBsMmRjaGhgLS1kMTZzcw%3D%3D&btag=e00088000&expire=1712080842&l=202403311800311CB015015D23D6563A88&ply_type=2&policy=2&signature=21dae2e35e8a66b60c659d7315cdfe19&tk=tt_chain_token,normal_540_0&adapt_lowest_1080_1&adapt_lower_720_1&lower_540_0&adapt_540_1&lowest_540_0,20&2&14&24&28&25, 1711908030.9960032,1711908030.996667,1711908031.9799511,1711908032.036153
37,oslLfKpqxAofBjfnggWYzmSMT8LxVVMQCICuZR,101,2350961&1673921&1344370&989562&739303&606740,oslLfKpqxAofBjfnggWYzmSMT8LxVVMQCICuZR&owkBWULOiX1QEsioyQcA6azf5K3IAUC8mIgXSl&oAy8v3cZEPzWAl5CIUQmsgASQIik5kfSSo6BKi&oQFKIkW5UBAkZSL69zi3gIyQTClocAH8E6flmi&o4zi6alSI53CkE8AcmiBfgWIKUAiQ7zoIDryES&oQqSg6fBkI3FIlyC5aKWP8czmAPAWiKViQHUEo,https://v16-webapp-prime.us.tiktok.com/video/tos/useast2a/tos-useast2a-ve-0068c001/oslLfKpqxAofBjfnggWYzmSMT8LxVVMQCICuZR/?a=1988&bti=NDU3ZjAwOg%3D%3D&ch=0&cr=3&dr=0&lr=unwatermarked&cd=0%7C0%7C0%7C&cv=1&br=4590&bt=2295&cs=0&ds=6&ft=4KJMyMzm8Zmo0ONc1-4jVK~.dpWrKsd.&mime_type=video_mp4&qs=0&rc=OGU7NDNmO2Y5Omg5ODY7NEBpM3ZkbnE5cmQ5cTMzNzczM0BhNDMtL19fNTIxLl9eLy0wYSNfXmtwMmRjXmdgLS1kMTZzcw%3D%3D&btag=e00090000&expire=1712080932&l=202403311800311CB015015D23D6563A88&ply_type=2&policy=2&signature=87341c3bf3f5d582e08be3cf7588b502&tk=tt_chain_token,normal_540_0&adapt_lowest_1080_1&lower_540_0&lowest_540_0&adapt_lower_720_1&adapt_540_1,20&2&24&25&14&28, 1711908030.9960032,1711908030.996667,1711908031.9799511,1711908032.036153
38,okRLCh0eIpHL3lGACAfgYUBLjWOLGIW6Ie2QGq,5,597236&539698&344730&337142&318420&251183,ocIEnsMeAF7KABVcFl9URWAsrEQcfEjDIxBb4W&okRLCh0eIpHL3lGACAfgYUBLjWOLGIW6Ie2QGq&o0KrCHVDlBj9jB7FEUeI7AQAEEFwfsqAnRIEmU&oolwDfxTDESlFUiEUwEjIhIEsBVEgl9AewRirA&oITjDDYllSE5nxiwBeFEArDUEsARI2lEIgf9VI&oYMxEqwERVTf9rWljACI1E2sIAglieDHBUDEFB,https://v16-webapp-prime.us.tiktok.com/video/tos/useast8/tos-useast8-pve-0068-tx2/okRLCh0eIpHL3lGACAfgYUBLjWOLGIW6Ie2QGq/?a=1988&bti=NDU3ZjAwOg%3D%3D&ch=0&cr=3&dr=0&lr=unwatermarked&cd=0%7C0%7C0%7C&cv=1&br=1054&bt=527&cs=0&ds=6&ft=4KJMyMzm8Zmo0jWc1-4jVNhZdpWrKsd.&mime_type=video_mp4&qs=0&rc=Zjg5NDU8NDM4aWg4MzgzOEBpamtlN3g5cm87cDMzaTczNEA2Xy8tLS02NTExYDVeMWE0YSNmb3BkMmQ0aWxgLS1kMTJzcw%3D%3D&btag=e00088000&expire=1712080993&l=20240331180307FD74345C6483E857D642&ply_type=2&policy=2&signature=0709457e60ebe7d19a98787d6abeb959&tk=tt_chain_token,adapt_lowest_1080_1&normal_540_0&adapt_lower_720_1&adapt_540_1&lower_540_0&lowest_540_0,2&20&14&28&24&25, 1711908187.406323,1711908187.407309,1711908188.530642,1711908188.5316129
39,oMl170lhIfogBBzCQLVWcDArNVFZESfKqgXDWE,5,619877&320211&234720,oMl170lhIfogBBzCQLVWcDArNVFZESfKqgXDWE&oMLWLylZiAU0Aib3gDpIkwBhNFc6AwB6BEZfKy&oYyiwBAgIuKp7LhFif6ZWE0LyZrhlBAn6CiwAB,https://v16-webapp-prime.us.tiktok.com/video/tos/useast5/tos-useast5-pve-0068-tx/oMl170lhIfogBBzCQLVWcDArNVFZESfKqgXDWE/?a=1988&bti=NDU3ZjAwOg%3D%3D&ch=0&cr=3&dr=0&lr=unwatermarked&cd=0%7C0%7C0%7C&br=1210&bt=605&cs=0&ds=6&ft=4KJMyMzm8Zmo0jWc1-4jVNhZdpWrKsd.&mime_type=video_mp4&qs=0&rc=ZjVnZGg8PGZoZWVmNTo6aUBpM2xoc3Q5cjU7cTMzZzgzNEAuMjVhNGNiNV8xM2AxX140YSNsLjZgMmRzX19gLS1kLy9zcw%3D%3D&btag=e00088000&expire=1712080993&l=20240331180307FD74345C6483E857D642&ply_type=2&policy=2&signature=332313f9aa04ea1fdd9ccf69f93bc9ab&tk=tt_chain_token,normal_540_0&lower_540_0&lowest_540_0,20&24&25, 1711908187.406323,1711908187.407309,1711908188.530642,1711908188.5316129
40,oszAVACREzbiNcIB5C7iETpPBB0OUGHXbZxdW,6,1544816&1106027&732265&611817&439388&327030,osACBQHUEGEBABijJPVZNIK05bx3zii7QRdcz&oszAVACREzbiNcIB5C7iETpPBB0OUGHXbZxdW&oAIZxbzgiPHiHpBEA7C5REBGNAdzJGD0RcUBV&oYRe8A4gUxgfJNGrRjASAjugf6wvBWHxYrQzFe&oEUHCOxVIRGzai7B1AEE0AdisrZb5zEN8aPFB&o01Ike5jRAejGCfQQJvIAxCqmIYLgw0QL3oPFV,https://v16-webapp-prime.us.tiktok.com/video/tos/useast8/tos-useast8-ve-0068c002-tx2/oszAVACREzbiNcIB5C7iETpPBB0OUGHXbZxdW/?a=1988&bti=NDU3ZjAwOg%3D%3D&ch=0&cr=3&dr=0&lr=unwatermarked&cd=0%7C0%7C0%7C&cv=1&br=2160&bt=1080&cs=0&ds=6&ft=4KJMyMzm8Zmo0jWc1-4jVNhZdpWrKsd.&mime_type=video_mp4&qs=0&rc=aDM7OTU5NmU4Nzw0ZDNnZkBpanc8d3U5cjl2cDMzaTczNEBfNGJiYC9fXy8xMzBiNl5fYSNwNS1tMmQ0bmxgLS1kMTJzcw%3D%3D&btag=e00088000&expire=1712080994&l=20240331180307FD74345C6483E857D642&ply_type=2&policy=2&signature=c94924c20ed7898a20d3196fbf010ff6&tk=tt_chain_token,adapt_lowest_1080_1&normal_540_0&adapt_lower_720_1&adapt_540_1&lower_540_0&lowest_540_0,2&20&14&28&24&25, 1711908187.406323,1711908187.407309,1711908188.530642,1711908188.5316129
41,oAj2HgUgluDTfg0UB7FEgvDiEyARAJYIQofkSm,89,1060925&957821&643499&517420&497549&364732,ok0DFB0omE7lgGvUQgW9EfgiS2yelIAjXDkRg9&oAj2HgUgluDTfg0UB7FEgvDiEyARAJYIQofkSm&ooi01EUvQgriKB4BQbQTAQV4GZRE2pcSI59U6&o8UB4FZKAQRbOy90ggiBYcQrISQbbp6EEvic4&oABvc96ZArFb49Q0BNIJSgD3SEQUiRbQ4KEpi&oo0AU4bgEbciroIBQ69iE2NvPBRQS4p4DZKQD,https://v16-webapp-prime.us.tiktok.com/video/tos/useast5/tos-useast5-ve-0068c004-tx/oAj2HgUgluDTfg0UB7FEgvDiEyARAJYIQofkSm/?a=1988&bti=NDU3ZjAwOg%3D%3D&ch=0&cr=3&dr=0&lr=unwatermarked&cd=0%7C0%7C0%7C&cv=1&br=1870&bt=935&cs=0&ds=6&ft=4KJMyMzm8Zmo0jWc1-4jVNhZdpWrKsd.&mime_type=video_mp4&qs=0&rc=ZGc8OWhoMzRmZmhlMzNmOEBpM2o8N3c5cnI5cTMzZzczNEA0Y2BiX2FeNjQxMjAvNF41YSM1MWNuMmRrazJgLS1kMS9zcw%3D%3D&btag=e00090000&expire=1712081077&l=20240331180307FD74345C6483E857D642&ply_type=2&policy=2&signature=73e7efd979ba158ff887609de0a0757f&tk=tt_chain_token,adapt_lowest_1080_1&normal_540_0&adapt_lower_720_1&adapt_540_1&lower_540_0&lowest_540_0,2&20&14&28&24&25, 1711908187.406323,1711908187.407309,1711908188.530642,1711908188.5316129
42,oEoq4fAEI5GAVq4LEhCiaLISeucIjIFbI8qqep,7,569555&423919&362422&276543&203027&148003,oYkIweEUTA5jGTYIPf8IA5CqRIVLQyfFLVS5oF&oEoq4fAEI5GAVq4LEhCiaLISeucIjIFbI8qqep&o0iIsE54LWIUSqfqCeLIASG5IVAjCCREIcepqE&oYiIfIpsIceIqYVCqqPGeI4jS5ALDCEAvR0LEi&ogQjeEQU5NvLfeMmCA8gXyAqKSgrV925IEVLRI&oIAfTIEfLI75IV58AGClqQ0VLDSQqIejqIF5qw,https://v16-webapp-prime.us.tiktok.com/video/tos/useast8/tos-useast8-pve-0068-tx2/oEoq4fAEI5GAVq4LEhCiaLISeucIjIFbI8qqep/?a=1988&bti=NDU3ZjAwOg%3D%3D&ch=0&cr=3&dr=0&lr=unwatermarked&cd=0%7C0%7C0%7C&cv=1&br=826&bt=413&cs=0&ds=6&ft=4KJMyMzm8Zmo0MWc1-4jVPPZdpWrKsd.&mime_type=video_mp4&qs=0&rc=NGZmOGg8NTY0N2Q8ZDY1O0BpM2R4N3k5cnE1cDMzaTczNEBfNWFgMTYyXmExL2E2YWA0YSNwZ180MmQ0MWlgLS1kMTJzcw%3D%3D&btag=e00088000&expire=1712081016&l=2024033118032875E378EC18BFCB56BD07&ply_type=2&policy=2&signature=4054374ee84f65628d0e333531fddd67&tk=tt_chain_token,adapt_lowest_1080_1&normal_540_0&adapt_lower_720_1&adapt_540_1&lower_540_0&lowest_540_0,2&20&14&28&24&25, 1711908208.261493,1711908208.262282,1711908209.5087821,1711908209.511015
43,ogPIdoAE8AgeBeu4eMGXzTFYsQOIXRxeMV8QAa,9,832043&731207&461765&454859&392232&340868,ogPIdoAE8AgeBeu4eMGXzTFYsQOIXRxeMV8QAa&oUAXHITLkEONmjrEfGEfCFWiPDvUjKI2qZfzMA&o0OzWXVFMeeQReXGioQiqRAIPYA8YdaRksEgeM&o0AbHIJLkEOIdj6EfGEfCFWiHDOvjKI2qSfzMA&o8OKNfAEzE4QjSMLAGHgEWIEffILFCHkqD2jiF&oQdzOP8MIgalGeXRMsUYmEoVIFTAeQeeXZWdQA,https://v16-webapp-prime.us.tiktok.com/video/tos/useast5/tos-useast5-ve-0068c003-tx/ogPIdoAE8AgeBeu4eMGXzTFYsQOIXRxeMV8QAa/?a=1988&bti=NDU3ZjAwOg%3D%3D&ch=0&cr=3&dr=0&lr=unwatermarked&cd=0%7C0%7C0%7C&cv=1&br=1624&bt=812&cs=0&ds=6&ft=4KJMyMzm8Zmo0MWc1-4jVPPZdpWrKsd.&mime_type=video_mp4&qs=0&rc=OTM1aWRoOTNoaDk5Z2c3Z0BpM2Q6c3U5cm04cTMzZzczNEBfLy81Mi8tNjMxNWE1Ly4uYSMwc2c1MmRrYy9gLS1kMS9zcw%3D%3D&btag=e00088000&expire=1712081018&l=2024033118032875E378EC18BFCB56BD07&ply_type=2&policy=2&signature=64e54a14ab476dc9a533b7934424e89f&tk=tt_chain_token,normal_540_0&adapt_lowest_1080_1&adapt_lower_720_1&lower_540_0&adapt_540_1&lowest_540_0,20&2&14&24&28&25, 1711908208.261493,1711908208.262282,1711908209.5087821,1711908209.511015
44,oQZEI9NvPFI0ABSnZlfURHg5qEIXfD7DE1mvXE,7,914744&557583&441011&436305,oQZEI9NvPFI0ABSnZlfURHg5qEIXfD7DE1mvXE&oEZIRPL63QGbp8QAUoRAeQIeL1IXjayHkevzmC&oIqPfAfIS9EG0mRjEUgZIIFEjjs75l1wDKDZBV&os8jfVGpgLAUQpC6QaIkSaIhH8zVejkWLhevAv,https://v16-webapp-prime.us.tiktok.com/video/tos/useast5/tos-useast5-pve-0068-tx/oQZEI9NvPFI0ABSnZlfURHg5qEIXfD7DE1mvXE/?a=1988&bti=NDU3ZjAwOg%3D%3D&ch=0&cr=3&dr=0&lr=unwatermarked&cd=0%7C0%7C0%7C&cv=1&br=1786&bt=893&cs=0&ds=6&ft=4KJMyMzm8Zmo0MWc1-4jVPPZdpWrKsd.&mime_type=video_mp4&qs=0&rc=ZGVnZjNpOWVmaGkzOmU2O0BpM3U3bHk5cjhzcTMzZzczNEAyXzExMF5hXzUxYWItMmFiYSNuZTA0MmQ0aW5gLS1kMS9zcw%3D%3D&btag=e00088000&expire=1712081017&l=2024033118032875E378EC18BFCB56BD07&ply_type=2&policy=2&signature=8d0ddd95e73fb6a9f58ef89e4f67a63e&tk=tt_chain_token,normal_540_0&lower_540_0&adapt_540_1&lowest_540_0,20&24&28&25, 1711908208.261493,1711908208.262282,1711908209.5087821,1711908209.511015
45,oMdg3IFUOnlAo7We8OE2BF5ERDvDRgpSiQfnaj,18,1494489&1261194&751455&702910&572680&559479,oQfUdjfn3l8BQgE29iaFREwDBMGo5IROpnSAgD&oMdg3IFUOnlAo7We8OE2BF5ERDvDRgpSiQfnaj&oApRnAf8S5IgoeRXEUgiQaFErQDjQlOvDKD3BY&oYEUiDREQDAf0I3OglCg8oRaSBFpje5D31aUWn&oAeIQevd1AgjGfERAEOIApCk6HzLgns5LHSj9u&o4RjSkLAvevjfpQdGHg1HzLO9EACEAeOI7I25M,https://v16-webapp-prime.us.tiktok.com/video/tos/useast5/tos-useast5-ve-0068c001-tx/oMdg3IFUOnlAo7We8OE2BF5ERDvDRgpSiQfnaj/?a=1988&bti=NDU3ZjAwOg%3D%3D&ch=0&cr=3&dr=0&lr=unwatermarked&cd=0%7C0%7C0%7C&cv=1&br=2462&bt=1231&cs=0&ds=6&ft=4KJMyMzm8Zmo0MWc1-4jVPPZdpWrKsd.&mime_type=video_mp4&qs=0&rc=OWQ6OjQ8ZWRlOWRoNmU4PEBpM2s3aW05cm9xcTMzZzczNEBgNC9eNTMvXjAxNDEvYDA0YSNubmZoMmQ0aGdgLS1kMS9zcw%3D%3D&btag=e00088000&expire=1712081027&l=2024033118032875E378EC18BFCB56BD07&ply_type=2&policy=2&signature=6c8f8821bedef73f4c464cbd581cbf8a&tk=tt_chain_token,adapt_lowest_1080_1&normal_540_0&lower_540_0&adapt_lower_720_1&lowest_540_0&adapt_540_1,2&20&24&14&25&28, 1711908208.261493,1711908208.262282,1711908209.5087821,1711908209.511015
46,owm9TFfEEEvIgS7c5vfghkLARABYlDSADOkBBu,8,1669468&1141216&879308&786196&454240&339980,osB7QfTBDDnlFuAELvEm5tIK7BSEfhcg9YRJgA&oIflAUgABAL9QRzPgIFh7mSDLfBTcJ5EDEBnvE&owm9TFfEEEvIgS7c5vfghkLARABYlDSADOkBBu&oMbDgIDLFBTL7mvoURBhABcEf9AIESNfgl5BME&osLDdglEvBTDcBAmgLSB5fEuFEAR3H79ZhcfhI&og7DgBDXFoTL7mvUWRUhABcEf9AIESFfgl5BKE,https://v16-webapp-prime.us.tiktok.com/video/tos/useast5/tos-useast5-pve-0068-tx/owm9TFfEEEvIgS7c5vfghkLARABYlDSADOkBBu/?a=1988&bti=NDU3ZjAwOg%3D%3D&ch=0&cr=3&dr=0&lr=unwatermarked&cd=0%7C0%7C0%7C&cv=1&br=1716&bt=858&cs=0&ds=6&ft=4KJMyMzm8Zmo0MWc1-4jVPPZdpWrKsd.&mime_type=video_mp4&qs=0&rc=OjxpaGloOTMzZmc7ZzNlOEBpam00ang5cjVzcTMzZzczNEAxNWEuMV8tXmAxLTUtNmEvYSNkbDVzMmRzZGtgLS1kMS9zcw%3D%3D&btag=e00088000&expire=1712081017&l=2024033118032875E378EC18BFCB56BD07&ply_type=2&policy=2&signature=a185fb341b97b0ca8d4a7a65d5189128&tk=tt_chain_token,adapt_lowest_1080_1&adapt_lower_720_1&normal_540_0&adapt_540_1&lower_540_0&lowest_540_0,2&14&20&28&24&25, 1711908208.261493,1711908208.262282,1711908209.5087821,1711908209.511015
47,oUEpjmO3LQqFIHIsOC0FqfeEIZDgl3ANnAfLYt,17,1420690&1232609&878975&721834&626862&454762,ocEFIqBfmlEQZ0IjnO0LlgFeO56DtfAIANsJpC&oUEpjmO3LQqFIHIsOC0FqfeEIZDgl3ANnAfLYt&osLpqtSlnCEQmAFjsINIt6XgD0IZAff3JecDEO&osxigvyEp2iBwAsOATqcJfi6iCAIDQ92KHmSBI&oMAmIIxLqEngCj6IeOSfCFc03De2lmQsE5NZtA&ogaTv2PHIiis6iHiJOyCpBYA9Ea2qm0fAASiLI,https://v16-webapp-prime.us.tiktok.com/video/tos/useast8/tos-useast8-ve-0068c004-tx2/oUEpjmO3LQqFIHIsOC0FqfeEIZDgl3ANnAfLYt/?a=1988&bti=NDU3ZjAwOg%3D%3D&ch=0&cr=3&dr=0&lr=unwatermarked&cd=0%7C0%7C0%7C&cv=1&br=2406&bt=1203&cs=0&ds=6&ft=4KJMyMzm8Zmo0MWc1-4jVPPZdpWrKsd.&mime_type=video_mp4&qs=0&rc=ZWdoOGhnZmg7NTVlaTszN0BpajVsZ3A5cjxtcTMzaTczNEAvXy8uLS9iXl4xYWNgYmBiYSMwYWk2MmRzY2hgLS1kMTJzcw%3D%3D&btag=e00088000&expire=1712081026&l=2024033118032875E378EC18BFCB56BD07&ply_type=2&policy=2&signature=3e76d54fe60c562bddc15f6f023b3163&tk=tt_chain_token,adapt_lowest_1080_1&normal_540_0&adapt_lower_720_1&adapt_540_1&lower_540_0&lowest_540_0,2&20&14&28&24&25, 1711908208.261493,1711908208.262282,1711908209.5087821,1711908209.511015
48,oM9RxfivIEY2S5UNETgusLgIBfAAiBQZoBxlNE,12,3098357&1985959&1760276&1536082&1158968,oM9RxfivIEY2S5UNETgusLgIBfAAiBQZoBxlNE&okDmHEigBIsedFbIzoBffRjVMQG6CjAw5LQbAD&oU5TgfBQtElCivogbUfBRYutNxZZsNEIAiB9uI&oklnI5ZEABiVogXC9spBfiZxgBUGuETYRNfI0Q&oQabuDepIAodwzgIiDYEfQBDrQvjAkFRLzCm6f,https://v16-webapp-prime.us.tiktok.com/video/tos/alisg/tos-alisg-pve-0037c001/oM9RxfivIEY2S5UNETgusLgIBfAAiBQZoBxlNE/?a=1988&bti=NDU3ZjAwOg%3D%3D&ch=0&cr=3&dr=0&lr=unwatermarked&cd=0%7C0%7C0%7C&cv=1&br=6050&bt=3025&cs=0&ds=6&ft=4KJMyMzm8Zmo0qrc1-4jVv4.dpWrKsd.&mime_type=video_mp4&qs=0&rc=NDZpaGU4aTNlZmY0PGc1NkBpanM1N2s5cnF1cTMzODczNEAxMjFgNjQvXjMxYi1eNDQ1YSNyZG1gMmRjLXBgLS1kMTFzcw%3D%3D&btag=e00088000&expire=1712081067&l=2024033118041566B650C15E7679560F00&ply_type=2&policy=2&signature=ef0be928b9c25fd1abeba6b7d963d48d&tk=tt_chain_token,normal_540_0&adapt_lower_720_1&lower_540_0&adapt_540_1&lowest_540_0,20&14&24&28&25, 1711908255.026377,1711908255.02803,1711908256.056194,1711908256.0695739
49,oQkCX7i8NIBRdyQAw0uwfFiOygEbIa6BpDGFuA,26,1577246&1185121&1065891&886330&621812&447585,oEACiAHvj5SwA4MLwWee8uXvhBRI3QnAk5XBCe&oQkCX7i8NIBRdyQAw0uwfFiOygEbIa6BpDGFuA&o0dHiOV8wwyIAI6OyDE3FEioCXBgpFfuANQ0BW&o8yQFECdgyyA0QquF1iFAi8CIBKBOwwp6IfrXN&oQfEuvF4bQDW7kgAgo6gfLEclBIxRy0DSDLLcB&ogIgEQBaIu68A5ByOiPVfNbF0wyCdiBwpXFFAd,https://v16-webapp-prime.us.tiktok.com/video/tos/useast5/tos-useast5-ve-0068c001-tx/oQkCX7i8NIBRdyQAw0uwfFiOygEbIa6BpDGFuA/?a=1988&bti=NDU3ZjAwOg%3D%3D&ch=0&cr=3&dr=0&lr=unwatermarked&cd=0%7C0%7C0%7C&cv=1&br=2314&bt=1157&cs=0&ds=6&ft=4KJMyMzm8Zmo0qrc1-4jVv4.dpWrKsd.&mime_type=video_mp4&qs=0&rc=PDVnZWc2ODtpaTg1MzppOUBpM2c8NGw5cmhlcTMzZzczNEBjX2JeNC4wXmMxNWI0NjUzYSNuYmM0MmRzZGRgLS1kMS9zcw%3D%3D&btag=e00088000&expire=1712081081&l=2024033118041566B650C15E7679560F00&ply_type=2&policy=2&signature=727b41ebb6c2eecb16fb41371e0824c0&tk=tt_chain_token,adapt_lowest_1080_1&normal_540_0&adapt_lower_720_1&adapt_540_1&lower_540_0&lowest_540_0,2&20&14&28&24&25, 1711908255.026377,1711908255.02803,1711908256.056194,1711908256.0695739
50,ooBigq8iPGAYKd0e6iLcIjLeuILAXCFoQXe5iI,6,1349943&1328466&699700&696206&606611&521120,oc6piAWeiqe6uQhLeoW8ICAavK3ni5AEjpM5IP&ooBigq8iPGAYKd0e6iLcIjLeuILAXCFoQXe5iI&osIREIEkRFr0AcDlRFPZfrYOfRuEHEHAVlRMBn&oYXiPiiI8djXQIuQpCLLAKWGAeqeJIMbeioILc&owNRJD0HEAVHRrHEuEFEclRCrITRAcFrlRBOff&oA8jcoIeXLiFfiqYIdiPK1AgGeA7LIYXLC1LiQ,https://v16-webapp-prime.us.tiktok.com/video/tos/useast8/tos-useast8-ve-0068c003-tx2/ooBigq8iPGAYKd0e6iLcIjLeuILAXCFoQXe5iI/?a=1988&bti=NDU3ZjAwOg%3D%3D&ch=0&cr=3&dr=0&lr=unwatermarked&cd=0%7C0%7C0%7C&cv=1&br=2594&bt=1297&cs=0&ds=6&ft=4KJMyMzm8Zmo0qrc1-4jVv4.dpWrKsd.&mime_type=video_mp4&qs=0&rc=OjgzODU6OjlmOTY7ZzdmZUBpam9xPHE5cmtrcTMzaTczNEAtMzZfMDMuNTAxXmNhYl4tYSNzMm4xMmRzNTVgLS1kMTJzcw%3D%3D&btag=e00088000&expire=1712081061&l=2024033118041566B650C15E7679560F00&ply_type=2&policy=2&signature=2be725991d6940ab5d17037bbaded9ae&tk=tt_chain_token,adapt_lowest_1080_1&normal_540_0&lower_540_0&adapt_lower_720_1&adapt_540_1&lowest_540_0,2&20&24&14&28&25, 1711908255.026377,1711908255.02803,1711908256.056194,1711908256.0695739
51,oQEjeoLABndVLYeiDDImlxFrBBQCTAf5EEI4FE,20,765305&752205&490749&451472&344963&338215,oQEjeoLABndVLYeiDDImlxFrBBQCTAf5EEI4FE&ok2TEBIVDEnQei5eAmFQosjYlCflLBDIEXAFIx&o4EjeoLABYXVBYeiDDImlxFbDBQCTAf5EEINFI&oUCAjHDExLBfeBuTiV0FoEYEQe5FIILmDEAAEl&oc8xGeyxII1oQOELq2LALCKigIjBAeN4fD7YnE&osEKTVjIIDAfEEDiNLOAFeVmoCFelExDBw1Yd5,https://v16-webapp-prime.us.tiktok.com/video/tos/alisg/tos-alisg-pve-0037c001/oQEjeoLABndVLYeiDDImlxFrBBQCTAf5EEI4FE/?a=1988&bti=NDU3ZjAwOg%3D%3D&ch=0&cr=3&dr=0&lr=unwatermarked&cd=0%7C0%7C0%7C&cv=1&br=1494&bt=747&cs=0&ds=6&ft=4KJMyMzm8Zmo0qrc1-4jVv4.dpWrKsd.&mime_type=video_mp4&qs=0&rc=O2c6Ozo4ZDY7Nzk5OTlmM0BpM2w6O3Y5cjkzcTMzODczNEBiMWBhYjVhXy8xX2MuXy0vYSNzM2lpMmQ0c2VgLS1kMTFzcw%3D%3D&btag=e00088000&expire=1712081075&l=2024033118041566B650C15E7679560F00&ply_type=2&policy=2&signature=351e06dd3301576945377ae1da7b38e6&tk=tt_chain_token,normal_540_0&adapt_lowest_1080_1&adapt_lower_720_1&lower_540_0&adapt_540_1&lowest_540_0,20&2&14&24&28&25, 1711908255.026377,1711908255.02803,1711908256.056194,1711908256.0695739
52,o8RdqGgIzE2CHCWlAqgJI3Q1f4EeSBDSlDwRtF,15,929146&799301&685035&535104&373209&266731,o4WiZ3jyID4CpQ2AS19BfB1I8IAiQquwBWFyEr&o8RdqGgIzE2CHCWlAqgJI3Q1f4EeSBDSlDwRtF&okQcrlGEABdCjgRWwzIA1FED4vDmltgfHfqRZS&ooTfui8QAujINB4SE13BIDzZibiC2y7pwPA1Ir&oYW3pVWqleDEulz1BwFEg4DREtARktuIQHfGSd&oYwrBZfBpI4DIjyCD3D1m2Su1ApARi8ZiHoIEw,https://v16-webapp-prime.us.tiktok.com/video/tos/useast5/tos-useast5-ve-0068c002-tx/o8RdqGgIzE2CHCWlAqgJI3Q1f4EeSBDSlDwRtF/?a=1988&bti=NDU3ZjAwOg%3D%3D&ch=0&cr=3&dr=0&lr=unwatermarked&cd=0%7C0%7C0%7C&cv=1&br=1560&bt=780&cs=0&ds=6&ft=4KJMyMzm8Zmo0qrc1-4jVv4.dpWrKsd.&mime_type=video_mp4&qs=0&rc=MzVmNjQ3aTw2Z2c0Z2hlZ0Bpamw5dHI5cjd3cDMzZzczNEAvYTIyYS8yNS4xYzI0NWMwYSNuM28uMmRjcG5gLS1kMS9zcw%3D%3D&btag=e00088000&expire=1712081070&l=2024033118041566B650C15E7679560F00&ply_type=2&policy=2&signature=d2150a23571533bf2df55c43d0a3d374&tk=tt_chain_token,adapt_lowest_1080_1&normal_540_0&adapt_lower_720_1&adapt_540_1&lower_540_0&lowest_540_0,2&20&14&28&24&25, 1711908255.026377,1711908255.02803,1711908256.056194,1711908256.0695739
53,og6q4HUiZPwlzBiaBpcKPAEmdwdEIg2yAnivh,6,321345&184917&146452,og6q4HUiZPwlzBiaBpcKPAEmdwdEIg2yAnivh&os6q4bUiZPwlWBiaUpcKHAEmdwdCIg2EAnivN&ogzCVqJefdXLLHADglK8rnaGAIOEkzHKqpu1Qe,https://v16-webapp-prime.us.tiktok.com/video/tos/useast5/tos-useast5-ve-0068c002-tx/og6q4HUiZPwlzBiaBpcKPAEmdwdEIg2yAnivh/?a=1988&bti=NDU3ZjAwOg%3D%3D&ch=0&cr=3&dr=0&lr=unwatermarked&cd=0%7C0%7C0%7C&br=626&bt=313&cs=0&ds=6&ft=4KJMyMzm8Zmo0qrc1-4jVv4.dpWrKsd.&mime_type=video_mp4&qs=0&rc=ZzUzOWQ0ZTg4MzU4ZGhpNEBpajk8O2o5cjxzcTMzZzgzNEAvMy4wX2JgNi4xXjReNF8tYSNraWlxMmQ0bWJgLS1kLy9zcw%3D%3D&btag=e00088000&expire=1712081061&l=2024033118041566B650C15E7679560F00&ply_type=2&policy=2&signature=4ddee09c90129a6705511cb04f944433&tk=tt_chain_token,normal_540_0&lower_540_0&lowest_540_0,20&24&25, 1711908255.026377,1711908255.02803,1711908256.056194,1711908256.0695739
54,okUFsIC3Q1jkueVu7fsC3I9aLiY4XDejtTEAAH,6,811581&774890&506635&451953&418784&314878,okUFsIC3Q1jkueVu7fsC3I9aLiY4XDejtTEAAH&o4epeAGtY4eHzLj1LEpd9kkIAgM3CuvQ64Y9Iu&okqqvK24LXgEBiBvmdrtEXviU8WTBbZGCbOIA&o0bbLvqiiBXUbFZIAYiBtEWvv8iBE2wrgddA4&o8tI3LFtUQDsusJAesQAfXECLbIdjoaHkfR98C&o0WtkQuIDale9C4UAEfjAKHF3FCXgLHIRssje3,https://v16-webapp-prime.us.tiktok.com/video/tos/useast5/tos-useast5-pve-0068-tx/okUFsIC3Q1jkueVu7fsC3I9aLiY4XDejtTEAAH/?a=1988&bti=NDU3ZjAwOg%3D%3D&ch=0&cr=3&dr=0&lr=unwatermarked&cd=0%7C0%7C0%7C&cv=1&br=1584&bt=792&cs=0&ds=6&ft=4KJMyMzm8Zmo0qrc1-4jVv4.dpWrKsd.&mime_type=video_mp4&qs=0&rc=O2g5aDM3Z2Y6ZWk5ZzVkaUBpM2RvbHA5cmV4cTMzZzczNEA1MF4vMy1jX2MxLzJeYzZfYSNfa3EtMmRrc2FgLS1kMS9zcw%3D%3D&btag=e00088000&expire=1712081061&l=2024033118041566B650C15E7679560F00&ply_type=2&policy=2&signature=e4ba2fb8850f8be945349d09ba92b11b&tk=tt_chain_token,normal_540_0&adapt_lowest_1080_1&adapt_lower_720_1&adapt_540_1&lower_540_0&lowest_540_0,20&2&14&28&24&25, 1711908255.026377,1711908255.02803,1711908256.056194,1711908256.0695739
55,oEfDFBV1xEm0PMo2QZcQEfiVSNm1lIAHUDKRgJ,7,893481&726701&455135&429691&347231&327536,oEfDFBV1xEm0PMo2QZcQEfiVSNm1lIAHUDKRgJ&okKYtlwzqiYCaWjyAxK2EGIbf0C2xABpHBzIzi&okRDFBV1xEm2PyobQMeoEfiVSGm8lIAHzDKRg6&oMio6MSDlBGmPwKFEPUxnAQ1EDVbfmDgHRIqeV&oIGB0qBEi8HKzGb2gIpxAAlCazqIEpEfwyYj6i&o8FoQVelmAqKDPVJEmHxURNBSh2fILVGE1igQD,https://v16-webapp-prime.us.tiktok.com/video/tos/useast5/tos-useast5-pve-0068-tx/oEfDFBV1xEm0PMo2QZcQEfiVSNm1lIAHUDKRgJ/?a=1988&bti=NDU3ZjAwOg%3D%3D&ch=0&cr=3&dr=0&lr=unwatermarked&cd=0%7C0%7C0%7C&cv=1&br=1744&bt=872&cs=0&ds=6&ft=4KJMyMzm8Zmo0qrc1-4jVv4.dpWrKsd.&mime_type=video_mp4&qs=0&rc=ODo8NTtlZzo1NzVoODUzOEBpajpkO205cjhrcDMzZzczNEAzLzE0LzYvNjQxX2BgY19jYSNsXnFhMmRjaGFgLS1kMS9zcw%3D%3D&btag=e00088000&expire=1712081062&l=2024033118041566B650C15E7679560F00&ply_type=2&policy=2&signature=b5810d31cefe481d980c7ce929887dc7&tk=tt_chain_token,normal_540_0&adapt_lowest_1080_1&lower_540_0&adapt_lower_720_1&adapt_540_1&lowest_540_0,20&2&24&14&28&25, 1711908255.026377,1711908255.02803,1711908256.056194,1711908256.0695739
