seqnum,url_chunk,duration,bitrate_string,url_chunk_string,download_addr,gear_name_string,quality_type_string,request_time_start,request_time_stop,response_time_start,response_time_stop
0,ok8foiQFAiqIxB2PEBCiIS65HGiC9y2qALAtI2,13,799851&480199&427804&311123&258459&199109,oUl2i5fBqI2KIqyCSl0Br9PovASAqiQPiQBIEA&ok8foiQFAiqIxB2PEBCiIS65HGiC9y2qALAtI2&ogWLvGANLAlyVjesAAWJ2sqMj834RyhQIICeeh&ooBI29in5vS8GvqZC2QIW2AIBfAQiiHPqAlyoE&ogBYEBqIsCCoSvBqibAiP9jGIfC5yIiA2GQ2tA&ogbFFJ6CLvIpfemaCZLIAAGjI2Aj7hUIQLeoqh,https://v16-webapp-prime.us.tiktok.com/video/tos/useast8/tos-useast8-ve-0068c001-tx2/ok8foiQFAiqIxB2PEBCiIS65HGiC9y2qALAtI2/?a=1988&bti=NDU3ZjAwOg%3D%3D&ch=0&cr=3&dr=0&lr=unwatermarked&cd=0%7C0%7C0%7C&cv=1&br=936&bt=468&cs=0&ds=6&ft=4KJMyMzm8Zmo0cRa1-4jVrv.dpWrKsd.&mime_type=video_mp4&qs=0&rc=PGhoPDdpZTNpaDtnODVoO0Bpamk5Z3A5cjdqcTMzaTczNEBjNTEtNF80XzQxMjNfLWAyYSMtaGs2MmRjZGpgLS1kMTJzcw%3D%3D&btag=e00088000&expire=1712075972&l=202403311639184BD01E38B6720C5475BB&ply_type=2&policy=2&signature=13e772c76f37173d9fc1755e0b9a40c2&tk=tt_chain_token,adapt_lowest_1080_1&normal_540_0&adapt_lower_720_1&adapt_540_1&lower_540_0&lowest_540_0,2&20&14&28&24&25, 1711903158.787609,1711903158.78793,1711903159.874441,1711903159.889707
1,os3Eq0mqIOfEVl3BTdpDfEZR9iAFQAcAJWalER,78,958226&835568&820001&667013&517353&385628,os3Eq0mqIOfEVl3BTdpDfEZR9iAFQAcAJWalER&ocVRIyqjtId5cfGMIPALmu1vQe0VLFICjg7edA&o8qGyPWbIOLgIaLALymAVX5ec7ejCFIueQIUjM&o8GRTNEEIEAliq3fR0FVdSjmZz9qJEAODBcRQf&oQOljD9qEA3fQRDIAIFZ30VDifRTmqcEEEBbdE&oQDBQfTRDELlFoqEidE0cnIq3BVEOZmAfaRq9A,https://v16-webapp-prime.us.tiktok.com/video/tos/useast8/tos-useast8-ve-0068c001-tx2/os3Eq0mqIOfEVl3BTdpDfEZR9iAFQAcAJWalER/?a=1988&bti=NDU3ZjAwOg%3D%3D&ch=0&cr=3&dr=0&lr=unwatermarked&cd=0%7C0%7C0%7C&cv=1&br=1870&bt=935&cs=0&ds=6&ft=4KJMyMzm8Zmo0cRa1-4jVrv.dpWrKsd.&mime_type=video_mp4&qs=0&rc=NDk1O2g5ODpoOzhoZDhoZEBpam1kN3k5cnJ2cTMzaTczNEAwMTBfYmItXy0xLV80NS4vYSNgYGE0MmRrcmJgLS1kMTJzcw%3D%3D&btag=e00090000&expire=1712076037&l=202403311639184BD01E38B6720C5475BB&ply_type=2&policy=2&signature=eb3f78ec310e3ecea701e306cc34f366&tk=tt_chain_token,normal_540_0&adapt_lower_720_1&adapt_lowest_1080_1&adapt_540_1&lower_540_0&lowest_540_0,20&14&2&28&24&25, 1711903158.787609,1711903158.78793,1711903159.874441,1711903159.889707
2,oYlLCgviBoenyMqkAEAFIGAiLDI0i8CbBxbFRh,10,574586&420890&303797&290135&216578&191207,oYlLCgviBoenyMqkAEAFIGAiLDI0i8CbBxbFRh&oYzFIkiBDAvgGxJIRyFhCCqEuMixDIAe8MAZYo&ogkAe4DA7F8B7AxSF6QIqMvFCCgihRiyoIqEGz&oI8hMCoevAI0TFPuFBIyDnAqRigkiCQGAFpEdx&oIMdiA0eoFxIAI8nyNEnD1igCGghkFvRACEqBq&ocFCDeD3AiGqAAkE8yxMITouFiImvgCBEhRt3L,https://v16-webapp-prime.us.tiktok.com/video/tos/useast2a/tos-useast2a-ve-0068c004/oYlLCgviBoenyMqkAEAFIGAiLDI0i8CbBxbFRh/?a=1988&bti=NDU3ZjAwOg%3D%3D&ch=0&cr=3&dr=0&lr=unwatermarked&cd=0%7C0%7C0%7C&cv=1&br=1122&bt=561&cs=0&ds=6&ft=4KJMyMzm8Zmo0cRa1-4jVrv.dpWrKsd.&mime_type=video_mp4&qs=0&rc=NDs8ZGllaDU8ZGY3Z2hoOEBpMzVqM2s5cmZucTMzNzczM0BeYC8yMTYyX2ExMjMzYjYuYSNpYHMtMmRrXmRgLS1kMTZzcw%3D%3D&btag=e00088000&expire=1712075969&l=202403311639184BD01E38B6720C5475BB&ply_type=2&policy=2&signature=8f0ccec0b9ed0c9913995158d0bb70be&tk=tt_chain_token,normal_540_0&adapt_lowest_1080_1&adapt_lower_720_1&lower_540_0&lowest_540_0&adapt_540_1,20&2&14&24&25&28, 1711903158.787609,1711903158.78793,1711903159.874441,1711903159.889707
3,okgQfEKdCD0x0SoH46F3gnIEjAgNg7kfICCLXe,11,872978&651421&441923&423277&326276&286023,okgQfEKdCD0x0SoH46F3gnIEjAgNg7kfICCLXe&o4jdwiAIkByPe6Cp6oKOAykUIPF5QXgiFZEhPO&oM6jgxEv0NgLMHSfIdnk00gQDfASFCTKoC9LeI&oogOg6PBkIwuIUyCQ6TdLeFPjAiACipCiJN5Eo&ogHnQSEDGgfCogOO0LeHIK6IfMFAdjAx0kCpZg&oA6jpyOQizmPAiVDUGkICog645OeAdBwCEjPIF,https://v16-webapp-prime.us.tiktok.com/video/tos/useast2a/tos-useast2a-ve-0068c002/okgQfEKdCD0x0SoH46F3gnIEjAgNg7kfICCLXe/?a=1988&bti=NDU3ZjAwOg%3D%3D&ch=0&cr=3&dr=0&lr=unwatermarked&cd=0%7C0%7C0%7C&cv=1&br=1704&bt=852&cs=0&ds=6&ft=4KJMyMzm8Zmo0cRa1-4jVrv.dpWrKsd.&mime_type=video_mp4&qs=0&rc=ZWVoZWg2N2Y8NWlkPGdnOkBpajg8Nmo5cnN4cTMzNzczM0A2L2NfMDBeNWMxLV9gYDUwYSNiNWs1MmQ0Z2VgLS1kMTZzcw%3D%3D&btag=e00088000&expire=1712075970&l=202403311639184BD01E38B6720C5475BB&ply_type=2&policy=2&signature=0ff97d9e515b0d46ed1d2f100093c157&tk=tt_chain_token,normal_540_0&adapt_lowest_1080_1&lower_540_0&adapt_lower_720_1&lowest_540_0&adapt_540_1,20&2&24&14&25&28, 1711903158.787609,1711903158.78793,1711903159.874441,1711903159.889707
4,oUpjMQA9gbLAD7IHRChG3kXVeM8pfH8POeA0sT,76,710871&581286&514872&421330&339558&260352,oE8eYuTAHQCQchAbOqM7kLEDMIGszgjkPXfI6e&oUpjMQA9gbLAD7IHRChG3kXVeM8pfH8POeA0sT&oobD0OMTQXAsIuCMegQkWfIJHOPb8j9wLe0MA3&owfeH98MkgOOjDLIbf285M3PhCgAVQsSXAPTRA&oYejwADiPkgs9QILcMX8HCAO3fYKseQbjGMOIT&oQpAe3fTAbsIPOkLjV8CHD9hIQRfgAXhc5JM8M,https://v16-webapp-prime.us.tiktok.com/video/tos/useast5/tos-useast5-ve-0068c003-tx/oUpjMQA9gbLAD7IHRChG3kXVeM8pfH8POeA0sT/?a=1988&bti=NDU3ZjAwOg%3D%3D&ch=0&cr=3&dr=0&lr=unwatermarked&cd=0%7C0%7C0%7C&cv=1&br=1134&bt=567&cs=0&ds=6&ft=4KJMyMzm8Zmo0cRa1-4jVrv.dpWrKsd.&mime_type=video_mp4&qs=0&rc=OWhoNzM3Z2c6ZGVnNzRmN0Bpand3cXM5cjU6cDMzZzczNEBiLjU0YzY1Nl8xMTYuLjYyYSNzLnFtMmRjb2BgLS1kMS9zcw%3D%3D&btag=e00090000&expire=1712076035&l=202403311639184BD01E38B6720C5475BB&ply_type=2&policy=2&signature=e7c4a43d546f020097e6fbae3519274d&tk=tt_chain_token,adapt_lowest_1080_1&normal_540_0&adapt_lower_720_1&adapt_540_1&lower_540_0&lowest_540_0,2&20&14&28&24&25, 1711903158.787609,1711903158.78793,1711903159.874441,1711903159.889707
5,oQItbjCLSzmj4LeZYDvGygPIS1CeA1FueEbDIR,11,678019&501778&336645&305623&222716&221752,oQItbjCLSzmj4LeZYDvGygPIS1CeA1FueEbDIR&o0em1qgzeAQFK4DNWGjLD3CGjICSLIf9FR1IUY&oYem1qgzeAQR84fiPGjLD2CGjICSLI19FRUIkY&oYNDgzGNdIL6LX94SSeCjF1xkYqfHRIeAICGZQ&oc74ISIGcFeCeY3FjLRmI1DE2ELuDjAze1C7og&oEFejRhFGIfyGmY4A9LKSpj1qCepLGCQILgDIz,https://v16-webapp-prime.us.tiktok.com/video/tos/useast2a/tos-useast2a-ve-0068c002/oQItbjCLSzmj4LeZYDvGygPIS1CeA1FueEbDIR/?a=1988&bti=NDU3ZjAwOg%3D%3D&ch=0&cr=3&dr=0&lr=unwatermarked&cd=0%7C0%7C0%7C&cv=1&br=1324&bt=662&cs=0&ds=6&ft=4KJMyMzm8Zmo0cRa1-4jVrv.dpWrKsd.&mime_type=video_mp4&qs=0&rc=ZDU6NGY6NGU1ZzczMzloO0Bpam93bnA5cjk7cTMzNzczM0BiYTZiMjE2NWAxLzRiNF9fYSMucTQtMmRrcmdgLS1kMTZzcw%3D%3D&btag=e00088000&expire=1712075970&l=202403311639184BD01E38B6720C5475BB&ply_type=2&policy=2&signature=261a43dff6a2b4ad77b9c47e6428b921&tk=tt_chain_token,normal_540_0&adapt_lowest_1080_1&adapt_lower_720_1&lower_540_0&adapt_540_1&lowest_540_0,20&2&14&24&28&25, 1711903158.787609,1711903158.78793,1711903159.874441,1711903159.889707
6,osGzSQbIDlANbBaOgEfAAWb1IFmSglDEyoqRfb,15,919928&478685&387919&275906&192101&133242,oIm5Bf0tCilpEKtHTQywiAJNIrItApkVvBoBSk&osGzSQbIDlANbBaOgEfAAWb1IFmSglDEyoqRfb&okSzWfOSDDXlFelEbNEtbHQCzBSImqIgoTRvNA&ospA5OJATtSBdT0WH7dICtfmCHBiNtiywIVEkW&ocAkIViBUJptpHKNBFBAEm50ITywtAjChtiSfK&oYtCJ5DHTikVAApESy0tIMw1miIDfBHBENtABC,https://v16-webapp-prime.us.tiktok.com/video/tos/useast5/tos-useast5-ve-0068c004-tx/osGzSQbIDlANbBaOgEfAAWb1IFmSglDEyoqRfb/?a=1988&bti=NDU3ZjAwOg%3D%3D&ch=0&cr=3&dr=0&lr=unwatermarked&cd=0%7C0%7C0%7C&cv=1&br=934&bt=467&cs=0&ds=6&ft=4KJMyMzm8Zmo0cRa1-4jVrv.dpWrKsd.&mime_type=video_mp4&qs=0&rc=OzM0Zzo2OWk4ZzdoOzQ0OkBpajpkbG45cnB1cTMzZzczNEAzNl9gYGA2NTIxMGA1YWMyYSNeNV42MmRzMzNgLS1kMS9zcw%3D%3D&btag=e00088000&expire=1712075974&l=202403311639184BD01E38B6720C5475BB&ply_type=2&policy=2&signature=ce710445f7c438326f5f33d374663674&tk=tt_chain_token,adapt_lowest_1080_1&normal_540_0&adapt_lower_720_1&adapt_540_1&lower_540_0&lowest_540_0,2&20&14&28&24&25, 1711903158.787609,1711903158.78793,1711903159.874441,1711903159.889707
7,oUDgH1BQi1PPehicHIsFAA2C57UIEkLvoyK9ji,10,607110&492930&331086&299584&223897&209683,oUDgH1BQi1PPehicHIsFAA2C57UIEkLvoyK9ji&owmUJvP9BgDyiuUCPiihKbI5eAkE5F2o7gIAHA&oYeAFAiK40BcInoPH542iPigv7kG7yEChUIP9I&oQ1gUHy9FhIPiP5CiKArEIEBioJkem2AFTv017&oMtPCXiiIk9v2H3FhoEKQENeIA5yU7Bt1P1giA&owGifSb9ICYxTQIW5ejhIFvCH5RKQge1InAKLL,https://v16-webapp-prime.us.tiktok.com/video/tos/useast2a/tos-useast2a-pve-0068/oUDgH1BQi1PPehicHIsFAA2C57UIEkLvoyK9ji/?a=1988&bti=NDU3ZjAwOg%3D%3D&ch=0&cr=3&dr=0&lr=unwatermarked&cd=0%7C0%7C0%7C&cv=1&br=1184&bt=592&cs=0&ds=6&ft=4KJMyMzm8Zmo0cRa1-4jVrv.dpWrKsd.&mime_type=video_mp4&qs=0&rc=ZjNnaDk4aTlnOTRpNWhlZEBpamlteXU5cmk7cTMzNzczM0BeXl40XzY2Xy4xNi41MWIxYSMvYF5wMmRrYmVgLS1kMTZzcw%3D%3D&btag=e00088000&expire=1712075969&l=202403311639184BD01E38B6720C5475BB&ply_type=2&policy=2&signature=dcbd3135edde4efa664f0de33690d414&tk=tt_chain_token,normal_540_0&adapt_lowest_1080_1&adapt_lower_720_1&lower_540_0&lowest_540_0&adapt_540_1,20&2&14&24&25&28, 1711903158.787609,1711903158.78793,1711903159.874441,1711903159.889707
8,owBVhLREL1vqpDLIZQii4BaZsLEwv0dADBAPr,8,1113784&902852&679163&575193&533933&377238,owBVhLREL1vqpDLIZQii4BaZsLEwv0dADBAPr&oIM4weqMLCXGE4uWQd3V2AghIIg18tfAfjQ4Od&ognLLqjwEIEJhv4D0AZiBaBV4XiPRdd9DYrAv&oIRiVHDDHPBIdBw0iJrYhZaxTvEA44EvtAqPL&ooir3n0iA1dLvBZBIVDADbvhwjEBJqRaw4EPA&o4GRhEdwvzDXAGiriLRI0aPqAEBZBVvC14mDW,https://v16-webapp-prime.us.tiktok.com/video/tos/useast8/tos-useast8-ve-0068c001-tx2/owBVhLREL1vqpDLIZQii4BaZsLEwv0dADBAPr/?a=1988&bti=NDU3ZjAwOg%3D%3D&ch=0&cr=3&dr=0&lr=unwatermarked&cd=0%7C0%7C0%7C&cv=1&br=2174&bt=1087&cs=0&ds=6&ft=4KJMyMzm8Zmo01Ra1-4jV~LbdpWrKsd.&mime_type=video_mp4&qs=0&rc=ZDtmZzg6M2dmODU7M2Q1PEBpajQzNmo5cjZkcTMzaTczNEAyLjYvYl4zXzMxMTA2LmNiYSMua3NuMmRrcmFgLS1kMTJzcw%3D%3D&btag=e00088000&expire=1712075969&l=2024033116392146E8F4DC33500753AADD&ply_type=2&policy=2&signature=f21532caebfa5117ed17be65cb75f96e&tk=tt_chain_token,normal_540_0&adapt_lowest_1080_1&adapt_lower_720_1&adapt_540_1&lower_540_0&lowest_540_0,20&2&14&28&24&25, 1711903161.178887,1711903161.1803389,1711903162.097891,1711903162.099359
9,ocnumT10lfEzqUWSBwFEAgD6E0ARYS3IQtf8Vr,6,786066&703162&513259&427686&413071&320122,ocnumT10lfEzqUWSBwFEAgD6E0ARYS3IQtf8Vr&oc0Rw0EPWvt9KSVqEng6y6AQDfAwFERU8BelrI&oMEUWeREQEAfnILSMllAn0t8VBFgUu0Dra265w&o4teTQD6IFAgENB0aFEVduEZEwrlfRWSlnmbAK&og70VI6EDW6grBuKAEfnAUFpeFtnNlEE3waRUS&oUl0uwUdIJr0B8tEQ6FlhEAfIRFMYVfn2AWDgE,https://v16-webapp-prime.us.tiktok.com/video/tos/useast8/tos-useast8-pve-0068-tx2/ocnumT10lfEzqUWSBwFEAgD6E0ARYS3IQtf8Vr/?a=1988&bti=NDU3ZjAwOg%3D%3D&ch=0&cr=3&dr=0&lr=unwatermarked&cd=0%7C0%7C0%7C&cv=1&br=1534&bt=767&cs=0&ds=6&ft=4KJMyMzm8Zmo01Ra1-4jV~LbdpWrKsd.&mime_type=video_mp4&qs=0&rc=OmhnOjZkOWU4ZDQ8ZjtpM0BpM2RnZnI5cmhlcTMzaTczNEA2LjMwXzIyNS0xMDAxNGFhYSNhcHFfMmRrZDZgLS1kMTJzcw%3D%3D&btag=e00088000&expire=1712075967&l=2024033116392146E8F4DC33500753AADD&ply_type=2&policy=2&signature=1c8a3875055f6d14b49df8ab11b18a16&tk=tt_chain_token,normal_540_0&adapt_lowest_1080_1&adapt_lower_720_1&lower_540_0&adapt_540_1&lowest_540_0,20&2&14&24&28&25, 1711903161.178887,1711903161.1803389,1711903162.097891,1711903162.099359
10,oozJE44IaiHSbEYUChZ7P9DpHdEQBiOIzHgBA,74,1024882&949051&931912&797931&578952&436142,oozJE44IaiHSbEYUChZ7P9DpHdEQBiOIzHgBA&oAIYLZ9zBUPE4d9ihHczOS4bBQEZgiHpYBIAI&oIg9wLNI3CNgPAj4pfRAeXQHP2MhLsAew8MBck&oIEPegQgSdAFmEG2WpRl62fOHnDxDBOImgYlcw&oYZYPAFSDI4dOBUH9ZizpivQEEbHB4WghA9zH&okdHPOMeXPLBsshfbjpMACNIwpfgRkA8ALN4CQ,https://v16-webapp-prime.us.tiktok.com/video/tos/useast5/tos-useast5-ve-0068c003-tx/oozJE44IaiHSbEYUChZ7P9DpHdEQBiOIzHgBA/?a=1988&bti=NDU3ZjAwOg%3D%3D&ch=0&cr=3&dr=0&lr=unwatermarked&cd=0%7C0%7C0%7C&cv=1&br=2000&bt=1000&cs=0&ds=6&ft=4KJMyMzm8Zmo01Ra1-4jV~LbdpWrKsd.&mime_type=video_mp4&qs=0&rc=NDY6OGY8ODQ0OzdnPGY4NkBpamx5NHc5cnI5cTMzZzczNEA1MDAvNF9fNS8xYWEtMDBeYSNtM2w0MmQ0Z2BgLS1kMS9zcw%3D%3D&btag=e00090000&expire=1712076035&l=2024033116392146E8F4DC33500753AADD&ply_type=2&policy=2&signature=47232966e50db4a2ca984b6aa26a608f&tk=tt_chain_token,normal_540_0&adapt_lowest_1080_1&adapt_lower_720_1&adapt_540_1&lower_540_0&lowest_540_0,20&2&14&28&24&25, 1711903161.178887,1711903161.1803389,1711903162.097891,1711903162.099359
11,ooSBofuAttWDwG51gSZRp0fREZDFFqElgQwIoh,123,627247&441597&340625&332927&247086,ooSBofuAttWDwG51gSZRp0fREZDFFqElgQwIoh&o8EZEMiERSufoRmw1ggt8IeoQAGlW5DM100DFB&o8ERW8Ii5ySufIDoBgfwFGASgRQZsJg0Dtol1E&oYgP4UBjUiBEE4UMLEidXiM84QTa1iIZALL44&okQPiloEsBtH8gRu5WIAeFEDR1D7ZogRGfw0US,https://v16-webapp-prime.us.tiktok.com/video/tos/useast5/tos-useast5-ve-0068c002-tx/ooSBofuAttWDwG51gSZRp0fREZDFFqElgQwIoh/?a=1988&bti=NDU3ZjAwOg%3D%3D&ch=0&cr=3&dr=0&lr=unwatermarked&cd=0%7C0%7C0%7C&cv=1&br=1224&bt=612&cs=0&ds=6&ft=4KJMyMzm8Zmo0T.a1-4jVtybdpWrKsd.&mime_type=video_mp4&qs=0&rc=NjU1ZTZpNDg6aGk2PDs2OEBpM2Znb3Y5cndncDMzZzczNEBhXmNeL14tNWIxMi8wYy0xYSNwNW1lMmQ0NWVgLS1kMS9zcw%3D%3D&btag=e00090000&expire=1712076254&l=20240331164211CA7C230E15ACF353BDE0&ply_type=2&policy=2&signature=e77fa8208c21bfb50addcdca7382320a&tk=tt_chain_token,normal_540_0&adapt_lower_720_1&adapt_540_1&lower_540_0&lowest_540_0,20&14&28&24&25, 1711903330.933428,1711903330.9340281,1711903332.491977,1711903332.508286
12,okZ9Kvi1BBnyiJ7CeZi3OKIv7ApEosYw9dIu2A,11,592587&456892&366653&337591&244398&187428,ogUZIYSRsETdRjDxDegFF25VQf32l6EBrat7ZA&okZ9Kvi1BBnyiJ7CeZi3OKIv7ApEosYw9dIu2A&oU2rD2fDSQ7iRxlERvfYu2FdzBkAVEtjFQr6Ig&og6dxxgC2EebRWrlAYPEI3QZftEDwBDSFD7R2F&oM2eiOO3f7vBBaeYICA0BAaBweeY2CIy97eiepr&oE7bAkQM4G8HEt2ieL7OIVhgeGXuvjAsb1Cf5A,https://v16-webapp-prime.us.tiktok.com/video/tos/useast5/tos-useast5-ve-0068c001-tx/okZ9Kvi1BBnyiJ7CeZi3OKIv7ApEosYw9dIu2A/?a=1988&bti=NDU3ZjAwOg%3D%3D&ch=0&cr=3&dr=0&lr=unwatermarked&cd=0%7C0%7C0%7C&cv=1&br=892&bt=446&cs=0&ds=6&ft=4KJMyMzm8Zmo0T.a1-4jVtybdpWrKsd.&mime_type=video_mp4&qs=0&rc=M2k2PDhpNjM8aTRmNzRnOUBpMzVnZ3c5cnh3cTMzZzczNEA1MC01YGMyXmAxMjJhXzRgYSNqZWNoMmRramBgLS1kMS9zcw%3D%3D&btag=e00088000&expire=1712076142&l=20240331164211CA7C230E15ACF353BDE0&ply_type=2&policy=2&signature=03abb82ea996c751ba93700fd2f91e7f&tk=tt_chain_token,adapt_lowest_1080_1&normal_540_0&adapt_lower_720_1&adapt_540_1&lower_540_0&lowest_540_0,2&20&14&28&24&25, 1711903330.933428,1711903330.9340281,1711903332.491977,1711903332.508286
13,o0TZaoAnPgaqvR5XAsAeRngZ4ZRdeFOIeYfGWu,30,1192108&635785&472859,o0TZaoAnPgaqvR5XAsAeRngZ4ZRdeFOIeYfGWu&o0EHTsLegzjPIp3ILMAONQIGsA3krp6CWee1rv&oosrGevpIIFkIrzP3gLALCesQqjMAd6WGHeDTv,https://v16-webapp-prime.us.tiktok.com/video/tos/useast5/tos-useast5-pve-0068-tx/o0TZaoAnPgaqvR5XAsAeRngZ4ZRdeFOIeYfGWu/?a=1988&bti=NDU3ZjAwOg%3D%3D&ch=0&cr=3&dr=0&lr=unwatermarked&cd=0%7C0%7C0%7C&br=2328&bt=1164&cs=0&ds=6&ft=4KJMyMzm8Zmo0T.a1-4jVtybdpWrKsd.&mime_type=video_mp4&qs=0&rc=OzlpZjc1aWk8aTU3Ozk5N0Bpajo6eXU5cjg5cTMzZzczNEA2M2NeYmA1NjQxNl40LzUuYSNpbm1yMmQ0X19gLS1kMS9zcw%3D%3D&btag=e00088000&expire=1712076162&l=20240331164211CA7C230E15ACF353BDE0&ply_type=2&policy=2&signature=54dbb07a986342daaf3d8169b2e7b888&tk=tt_chain_token,normal_540_0&lower_540_0&lowest_540_0,20&24&25, 1711903330.933428,1711903330.9340281,1711903332.491977,1711903332.508286
14,owhwQkeGUgNZGCXRLmg4fe3Y5FPAeI9oLA7pRA,77,1779153&1607557&1066908&887418&861046&623616,oc8eggUDXFmmbnBFEhAY3AQlRQS5fe1A4GIeH0&owhwQkeGUgNZGCXRLmg4fe3Y5FPAeI9oLA7pRA&oQXnQ5bRADEhBAyT8mfFfFsmeQUo0I4lGYeS6g&owbFeRFBIjGUveI0Ifml8EYSXTOz4D4jeQEAAQ&og4H8ABXYUgRSEIXHeFfQFAmbzJfe8QlGPDmR0&oYLIUEznAAeCQlmbGFf4YXDFYFeseERBHyS0Q8,https://v16-webapp-prime.us.tiktok.com/video/tos/useast8/tos-useast8-pve-0068-tx2/owhwQkeGUgNZGCXRLmg4fe3Y5FPAeI9oLA7pRA/?a=1988&bti=NDU3ZjAwOg%3D%3D&ch=0&cr=3&dr=0&lr=unwatermarked&cd=0%7C0%7C0%7C&cv=1&br=3138&bt=1569&cs=0&ds=6&ft=4KJMyMzm8Zmo0T.a1-4jVtybdpWrKsd.&mime_type=video_mp4&qs=0&rc=ZzM7aGc1NmczNzppZDllN0BpM2c3aW05cmdmcTMzaTczNEAvYmI0NS8tXi8xYV4zMmNgYSNzLi42MmQ0Y3JgLS1kMTJzcw%3D%3D&btag=e00090000&expire=1712076208&l=20240331164211CA7C230E15ACF353BDE0&ply_type=2&policy=2&signature=afcb620029037c545d83e12a673a770e&tk=tt_chain_token,adapt_lowest_1080_1&normal_540_0&adapt_lower_720_1&adapt_540_1&lower_540_0&lowest_540_0,2&20&14&28&24&25, 1711903330.933428,1711903330.9340281,1711903332.491977,1711903332.508286
15,oEflQNVrC1B6ZrhiSwiBVIBLBiBUEQBwe5QJ7A,11,782170&642963&424920&405290&374980&299984,oEflQNVrC1B6ZrhiSwiBVIBLBiBUEQBwe5QJ7A&ooRdR19ILfC3fmkvCDLIgFGXE1ArYHaQgte3S4&oszI5BfirQ6qlViJ7EBBVNA66UIGiZCkBwreu3&owSUBZfBJIw4VNlC7wxir65erBLADiBNiIgVEQ&oY2oQ4BlBQBIf3VEvEQQfPzAvr7D6FhC8JbdyC&oUfQCnYEEFA2T6MQIVoDJryb8zwlChlrDBofBL,https://v16-webapp-prime.us.tiktok.com/video/tos/useast2a/tos-useast2a-pve-0068/oEflQNVrC1B6ZrhiSwiBVIBLBiBUEQBwe5QJ7A/?a=1988&bti=NDU3ZjAwOg%3D%3D&ch=0&cr=3&dr=0&lr=unwatermarked&cd=0%7C0%7C0%7C&cv=1&br=1526&bt=763&cs=0&ds=6&ft=4KJMyMzm8Zmo0T.a1-4jVtybdpWrKsd.&mime_type=video_mp4&qs=0&rc=ZWc3ZTk2OTQ4Mzc8aGhnM0BpM3M3b2o5cmR2cTMzNzgzM0BjLzBeNS0uNV8xLzViMDAtYSNlbzBxMmRzLmlgLS1kLzZzcw%3D%3D&btag=e00088000&expire=1712076143&l=20240331164211CA7C230E15ACF353BDE0&ply_type=2&policy=2&signature=090a784b86b18b16b68994dd15303a9c&tk=tt_chain_token,normal_540_0&adapt_lowest_1080_1&adapt_lower_720_1&lower_540_0&adapt_540_1&lowest_540_0,20&2&14&24&28&25, 1711903330.933428,1711903330.9340281,1711903332.491977,1711903332.508286
16,ownxVihLDImQI00dAhFKVNRZJBfflZEQEjAkE2,11,273042&235315&207853&177761&138716&112029,o40hJEoERILA4Vff0WQMkxDlVWIFEEZiBAVdq2&ownxVihLDImQI00dAhFKVNRZJBfflZEQEjAkE2&oALIAE0JRdxQlAVf08I2GiTZkJfDEBFZVLAEZh&o4kasFOiayIYDEVIrAiyAKPBAkqB7iApfR7Cw6&o0dL0AfkV2IGIVRGEZAxQhFE0cIJYl0QDeEiBN&o08sEfJkDEflF4xEZaEKitQo2BVILIhA0MRrdA,https://v16-webapp-prime.us.tiktok.com/video/tos/useast8/tos-useast8-pve-0068-tx2/ownxVihLDImQI00dAhFKVNRZJBfflZEQEjAkE2/?a=1988&bti=NDU3ZjAwOg%3D%3D&ch=0&cr=3&dr=0&lr=unwatermarked&cd=0%7C0%7C0%7C&cv=1&br=458&bt=229&cs=0&ds=6&ft=4KJMyMzm8Zmo0T.a1-4jVtybdpWrKsd.&mime_type=video_mp4&qs=0&rc=OTg5N2ZnZGhkZjw8aWUzaUBpMzc2dnQ5cnA1cTMzaTczNEAxMV4tMTFjNmExYDVgLTMvYSNmLmcvMmRjYmFgLS1kMTJzcw%3D%3D&btag=e00088000&expire=1712076143&l=20240331164211CA7C230E15ACF353BDE0&ply_type=2&policy=2&signature=eb129d3a366fcc2a47060446bc0838ea&tk=tt_chain_token,adapt_lowest_1080_1&normal_540_0&adapt_lower_720_1&adapt_540_1&lower_540_0&lowest_540_0,2&20&14&28&24&25, 1711903330.933428,1711903330.9340281,1711903332.491977,1711903332.508286
17,oAtIR8tcQeZiQ6fKJf9GecEMJFALgheAcpZtI5,63,3131589&1875386&1543866&1179221&803104&527140,osQGLKReeiZoJtJfQgvDIeEFQ9fwtIA5cctMAT&oAtIR8tcQeZiQ6fKJf9GecEMJFALgheAcpZtI5&ocGyeIZAJR8fFLQiSQGe9jq7kauIKMA9ftgeAc&oQftJRgiMIeAzQ4eZ9Qg5RGt7OELIcFeKAZJ8f&o4NR8eQeGI1cEfZJAtLgQWMFJKevtMcQIxA5if&okKCA8JfaLNIeiegQtIGZceEIBGZAJR5cQfFtM,https://v16-webapp-prime.us.tiktok.com/video/tos/useast5/tos-useast5-ve-0068c004-tx/oAtIR8tcQeZiQ6fKJf9GecEMJFALgheAcpZtI5/?a=1988&bti=NDU3ZjAwOg%3D%3D&ch=0&cr=3&dr=0&lr=unwatermarked&cd=0%7C0%7C0%7C&cv=1&br=3662&bt=1831&cs=0&ds=6&ft=4KJMyMzm8Zmo0T.a1-4jVtybdpWrKsd.&mime_type=video_mp4&qs=0&rc=ZmgzaTllZmU0ZjNlaDVoNUBpMzc2cXA5cjt5cDMzZzczNEAyMWE0MmAyNi0xMTAzMjQ2YSNlYTJjMmRrL3NgLS1kMS9zcw%3D%3D&btag=e00090000&expire=1712076194&l=20240331164211CA7C230E15ACF353BDE0&ply_type=2&policy=2&signature=e92a0ab1ee363c1475b80416767dbbad&tk=tt_chain_token,adapt_lowest_1080_1&normal_540_0&adapt_lower_720_1&adapt_540_1&lower_540_0&lowest_540_0,2&20&14&28&24&25, 1711903330.933428,1711903330.9340281,1711903332.491977,1711903332.508286
18,oIpjrSHIlWEqlRV8BuFEA6DlEvARhSfIQNfkVI,7,609137&427628&335292&284445&259663&219835,oIpjrSHIlWEqlRV8BuFEA6DlEvARhSfIQNfkVI&ocqIBiAqIGyGyKCgEA8KIqiX03knoifk3YAjdS&oIVkvIORRQNVEjpEElIAd6DuFlfJABrf6It8PV&ok0jsEOkyaiO5Iq8A3iiAdBSC3AIUB1EIGfyqk&oApIC38iIq0fydSkjADkOEP3IAGyq3BZZSriiA&o0S3qISEBq1dkAjIAifrA6DUyiG0RyiC53kI58,https://v16-webapp-prime.us.tiktok.com/video/tos/useast8/tos-useast8-ve-0068c002-tx2/oIpjrSHIlWEqlRV8BuFEA6DlEvARhSfIQNfkVI/?a=1988&bti=NDU3ZjAwOg%3D%3D&ch=0&cr=3&dr=0&lr=unwatermarked&cd=0%7C0%7C0%7C&cv=1&br=1188&bt=594&cs=0&ds=6&ft=4KJMyMzm8Zmo0T.a1-4jVtybdpWrKsd.&mime_type=video_mp4&qs=0&rc=Njw0OTVlaTY7N2g2OTk0aUBpMztlZ3E5cjw7cDMzaTczNEBjNmJfNGIuNWMxM142NWMxYSNmMTIwMmRjcXJgLS1kMTJzcw%3D%3D&btag=e00088000&expire=1712076139&l=20240331164211CA7C230E15ACF353BDE0&ply_type=2&policy=2&signature=a33b9bf2213ac12b92798eb91d135441&tk=tt_chain_token,normal_540_0&adapt_lowest_1080_1&lower_540_0&adapt_lower_720_1&lowest_540_0&adapt_540_1,20&2&24&14&25&28, 1711903330.933428,1711903330.9340281,1711903332.491977,1711903332.508286
19,oMTQHEBcw6lAMdBdfFEiBFsERBNDMQNJBIfi74,9,1112463&973735&682300&644750&480646&462610,oMTQHEBcw6lAMdBdfFEiBFsERBNDMQNJBIfi74&oYdEWEMDQ4BBBN7FfJlRBQA6IMwfUsEUHcnKEJ&oQ4wRHMdlIJzE5B6dBsFmONEEBDMMlA7cQfASf&o0HBG7cfawmlFBA6INNMRd4DQEJEJBMfMBsrEx&owyIEkbMEFAMLsJQERKDJcB7H4dBN6lwyBffBN&o8J7sM6R4IMBEdfBElHQqND6FcfIABTrqEOw52,https://v16-webapp-prime.us.tiktok.com/video/tos/useast2a/tos-useast2a-ve-0068c004/oMTQHEBcw6lAMdBdfFEiBFsERBNDMQNJBIfi74/?a=1988&bti=NDU3ZjAwOg%3D%3D&ch=0&cr=3&dr=0&lr=unwatermarked&cd=0%7C0%7C0%7C&cv=1&br=2172&bt=1086&cs=0&ds=6&ft=4KJMyMzm8Zmo0T.a1-4jVtybdpWrKsd.&mime_type=video_mp4&qs=0&rc=NWY1N2U4NTk0OmdlNTQ3ZEBpM3I6Onc5cnE6cDMzNzczM0A1MGFhMGEzNTYxLzZgYGFfYSMza2wwMmQ0M2xgLS1kMTZzcw%3D%3D&btag=e00088000&expire=1712076141&l=20240331164211CA7C230E15ACF353BDE0&ply_type=2&policy=2&signature=c5c809de0e6ff4c20dc38f60cb1a495a&tk=tt_chain_token,normal_540_0&adapt_lowest_1080_1&adapt_lower_720_1&lower_540_0&lowest_540_0&adapt_540_1,20&2&14&24&25&28, 1711903330.933428,1711903330.9340281,1711903332.491977,1711903332.508286
20,okWjGIA0QOLgkVIuICWTfkLD8l2fFHehptAFA3,15,920185&704811&492233&476399&416984&364184,okWjGIA0QOLgkVIuICWTfkLD8l2fFHehptAFA3&ogfW3OAIh8j0gIfQ1CLLAg2GA2kCCHuqehlIkp&oMFpfLOIIIGQALlkhWeA2Q3AjJ8eLGk0Hc4tCb&oE8LeJjmILMlpWjQ9FXA3geyHsr5QACShf2kdA&oATIBiwNITyLJgC4EAL3Ppi9v577CBfY6wA6QN&oo2jplIm05OFfWktI8A3FOAQGeAGLHUfkCxLhI,https://v16-webapp-prime.us.tiktok.com/video/tos/useast5/tos-useast5-pve-0068-tx/okWjGIA0QOLgkVIuICWTfkLD8l2fFHehptAFA3/?a=1988&bti=NDU3ZjAwOg%3D%3D&ch=0&cr=3&dr=0&lr=unwatermarked&cd=0%7C0%7C0%7C&cv=1&br=1796&bt=898&cs=0&ds=6&ft=4KJMyMzm8Zmo0T.a1-4jVtybdpWrKsd.&mime_type=video_mp4&qs=0&rc=NDlnNGc2N2Q0aGk2Mzg6aEBpamludXQ5cjlqcTMzZzczNEAxX19hXzVjNTMxNGI1NjReYSNxZm02MmRzZDJgLS1kMS9zcw%3D%3D&btag=e00088000&expire=1712076147&l=20240331164211CA7C230E15ACF353BDE0&ply_type=2&policy=2&signature=558fa7c73dfac5558eb14202990cfe9d&tk=tt_chain_token,normal_540_0&adapt_lowest_1080_1&lower_540_0&adapt_lower_720_1&adapt_540_1&lowest_540_0,20&2&24&14&28&25, 1711903330.933428,1711903330.9340281,1711903332.491977,1711903332.508286
21,oEdW8LCrkGLXuJEtpAGfAGdkIea7f1HIscEP0Q,67,778340&428252&319057,oEdW8LCrkGLXuJEtpAGfAGdkIea7f1HIscEP0Q&oYEtgkYf7MA5S8Neu0X5HrLAeERApCbuRm8n7Q&ogAOHE5LkQ7AKrdRtY78CXSueMxef0g5pcRm8A,https://v16-webapp-prime.us.tiktok.com/video/tos/useast5/tos-useast5-ve-0068c002-tx/oEdW8LCrkGLXuJEtpAGfAGdkIea7f1HIscEP0Q/?a=1988&bti=NDU3ZjAwOg%3D%3D&ch=0&cr=3&dr=0&lr=unwatermarked&cd=0%7C0%7C0%7C&br=1520&bt=760&cs=0&ds=6&ft=4KJMyMzm8Zmo0T.a1-4jVtybdpWrKsd.&mime_type=video_mp4&qs=0&rc=PGQ5PDU8NjM0MzU5ODhpO0BpM3Q5eXk5cml0cTMzZzgzNEAtLi4tMzAzXjUxXy0zNGMyYSNfNW00MmRjX2JgLS1kLy9zcw%3D%3D&btag=e00090000&expire=1712076199&l=20240331164211CA7C230E15ACF353BDE0&ply_type=2&policy=2&signature=a5ba8d39e6b307a6a8d8076c4f9e3726&tk=tt_chain_token,normal_540_0&lower_540_0&lowest_540_0,20&24&25, 1711903330.933428,1711903330.9340281,1711903332.491977,1711903332.508286
22,oMai8iAIkByr7aCSqoBEAPikIfouAhgiEpECVQ,10,848320&573520&442972&350935&327236&237224,oMai8iAIkByr7aCSqoBEAPikIfouAhgiEpECVQ&o8bDFB1AqE4MRflaQWipEfEdJq2alIAITBJRQP&oYzCqKLRiVjiI7AILVAehgQG1gaSt1SCIfeVEw&ooIPaykCxAV51oIE8aEAXiigSqBQo7G6Afiulk&o4JIQc2QA14VBflEIFqdEGE21D4Ef4ARRMBluJ&ooVCE7EPAikiAAkRay8uI9oqSiIsfgoBEaqouJ,https://v16-webapp-prime.us.tiktok.com/video/tos/useast2a/tos-useast2a-pve-0068/oMai8iAIkByr7aCSqoBEAPikIfouAhgiEpECVQ/?a=1988&bti=NDU3ZjAwOg%3D%3D&ch=0&cr=3&dr=0&lr=unwatermarked&cd=0%7C0%7C0%7C&cv=1&br=1656&bt=828&cs=0&ds=6&ft=4KJMyMzm8Zmo0T.a1-4jVtybdpWrKsd.&mime_type=video_mp4&qs=0&rc=OWRkMzU7NzY0OjU7aTZpPEBpMztkNHY5cnFkcTMzNzczM0AvLTAvMS0zNS0xNTEvNTUxYSNlNjAtMmRjZmFgLS1kMTZzcw%3D%3D&btag=e00088000&expire=1712076142&l=20240331164211CA7C230E15ACF353BDE0&ply_type=2&policy=2&signature=97f16770b1f180f64ce821bcf7728e87&tk=tt_chain_token,normal_540_0&adapt_lowest_1080_1&lower_540_0&adapt_lower_720_1&lowest_540_0&adapt_540_1,20&2&24&14&25&28, 1711903330.933428,1711903330.9340281,1711903332.491977,1711903332.508286
23,ooR27y6HvAASPwBJCDgjs6Eo6iInPezTYkiIgq,10,785767&697561&434739&391468&291623&288694,ooR27y6HvAASPwBJCDgjs6Eo6iInPezTYkiIgq&oAQsIkq6JBAI7wlG6Pi2gIyNLCYoRA7eE6vAji&oEWIwrFxjQDbmtQAwUJgfhE1LjI0j10CSeGe7C&ogseBv2JCixkED7R6HyoiAwjIXIPAMYqHgdo6z&owvIICs6q2J5PrwjRMAtEZ67oFiHgyAPeYBkri&o01QDYjhCD7x0SwjwUFfgwIEjAtbLcmfIQCLCe,https://v16-webapp-prime.us.tiktok.com/video/tos/useast2a/tos-useast2a-pve-0068/ooR27y6HvAASPwBJCDgjs6Eo6iInPezTYkiIgq/?a=1988&bti=NDU3ZjAwOg%3D%3D&ch=0&cr=3&dr=0&lr=unwatermarked&cd=0%7C0%7C0%7C&cv=1&br=1534&bt=767&cs=0&ds=6&ft=4KJMyMzm8Zmo0T.a1-4jVtybdpWrKsd.&mime_type=video_mp4&qs=0&rc=ZTU6Zzw7PGRlPDw0OzxkN0BpM2s8ZnA5cjx4cTMzNzczM0BfXzVjY2FgXy0xYGE2YWItYSNpZDRxMmRrbGVgLS1kMTZzcw%3D%3D&btag=e00088000&expire=1712076141&l=20240331164211CA7C230E15ACF353BDE0&ply_type=2&policy=2&signature=2557e36361787611454cb3c1d1ed6d51&tk=tt_chain_token,normal_540_0&adapt_lowest_1080_1&adapt_lower_720_1&lower_540_0&adapt_540_1&lowest_540_0,20&2&14&24&28&25, 1711903330.933428,1711903330.9340281,1711903332.491977,1711903332.508286
24,oMr8jM6tLIkjIZH9xCfFhLVEEGDQCYAUWAfSxe,202,1469327&1155556&879232&812991&714629&594926,oMr8jM6tLIkjIZH9xCfFhLVEEGDQCYAUWAfSxe&o4kCfO8AfMMDVC9pg3qj6WfVIXHF8yELAQ0IpB&ocW1ECvfAV9jAQMLLqIf8YFdIpH8kMfzCXg0DW&o8QIUXFfrIDwW9QAV6lAfeECL8EMjoGHkTvMxC&okeLfQDUIHCERv9BfIAAEkNFGM8WZ6rVKGCjkz&oYAVHIrLkEWQOjbEV68fCFxfLDUOCMI9rsUGeA,https://v16-webapp-prime.us.tiktok.com/video/tos/useast5/tos-useast5-ve-0068c001-tx/oMr8jM6tLIkjIZH9xCfFhLVEEGDQCYAUWAfSxe/?a=1988&bti=NDU3ZjAwOg%3D%3D&ch=0&cr=3&dr=0&lr=unwatermarked&cd=0%7C0%7C0%7C&cv=1&br=2868&bt=1434&cs=0&ds=6&ft=4KJMyMzm8Zmo0T.a1-4jVtybdpWrKsd.&mime_type=video_mp4&qs=0&rc=OTw6ZWY7ZDpkPDlpNmU4OUBpM2VzcXg5cm9mcTMzZzczNEBgMzRiLV4wNjQxMF4tLjU1YSNxNmRkMmRrXnJgLS1kMS9zcw%3D%3D&btag=e00098000&expire=1712076334&l=20240331164211CA7C230E15ACF353BDE0&ply_type=2&policy=2&signature=10e18ec8a020abef36fdb6253e0d64d8&tk=tt_chain_token,normal_540_0&adapt_lowest_1080_1&adapt_lower_720_1&lower_540_0&adapt_540_1&lowest_540_0,20&2&14&24&28&25, 1711903330.933428,1711903330.9340281,1711903332.491977,1711903332.508286
25,ogOyOjIVDIfSAy4iABFgSHRwmBfylRDQEigiE8,43,2881956&1660321&1112541&1101677&777201&532369,o8pCAHifzIBTs8QA4A8wPxiKyyE2IqZBpOzIOA&ogOyOjIVDIfSAy4iABFgSHRwmBfylRDQEigiE8&oQ4fBP8sCitpExOzKQywiAxyIqIIAxAAjBxFZu&owi4uF8yfAKABzsQi8xI7IOAp6yPEHZtCKAwIB&o0ykwmg8fAQW0iXkgDRlilBAcEDSFEEBVjIIe4&osxyfQBAIBAiC38IPCAwENwiZIysgAz4SgKIpO,https://v16-webapp-prime.us.tiktok.com/video/tos/useast5/tos-useast5-ve-0068c002-tx/ogOyOjIVDIfSAy4iABFgSHRwmBfylRDQEigiE8/?a=1988&bti=NDU3ZjAwOg%3D%3D&ch=0&cr=3&dr=0&lr=unwatermarked&cd=0%7C0%7C0%7C&cv=1&br=3242&bt=1621&cs=0&ds=6&ft=4KJMyMzm8Zmo0T.a1-4jVtybdpWrKsd.&mime_type=video_mp4&qs=0&rc=NDk6Zjw3ZjlkZWlmODk2aUBpM203ZnY5cmY2cTMzZzczNEA1Ly4yYl9fNWExXjMyXzA0YSMtLl8yMmQ0ZW1gLS1kMS9zcw%3D%3D&btag=e00088000&expire=1712076175&l=20240331164211CA7C230E15ACF353BDE0&ply_type=2&policy=2&signature=a3d28ce587685c7e7bfc65994c0a7c19&tk=tt_chain_token,adapt_lowest_1080_1&normal_540_0&adapt_lower_720_1&adapt_540_1&lower_540_0&lowest_540_0,2&20&14&28&24&25, 1711903330.933428,1711903330.9340281,1711903332.491977,1711903332.508286
26,ooQX6WiJuFhAyAWpuXIAlFEQfHDmVebTNfKceU,10,685058&372920&277200,ooQX6WiJuFhAyAWpuXIAlFEQfHDmVebTNfKceU&owIWfUWAh5cNNcK6DQQiVeFF3sOFXAfuEHJ3pe&os7aKfVpDQVWFXXJc6EHh7QeeFUINKiAuPWRfA,https://v16-webapp-prime.us.tiktok.com/video/tos/useast8/tos-useast8-ve-0068c004-tx2/ooQX6WiJuFhAyAWpuXIAlFEQfHDmVebTNfKceU/?a=1988&bti=NDU3ZjAwOg%3D%3D&ch=0&cr=3&dr=0&lr=unwatermarked&cd=0%7C0%7C0%7C&br=1338&bt=669&cs=0&ds=6&ft=4KJMyMzm8Zmo0T.a1-4jVtybdpWrKsd.&mime_type=video_mp4&qs=0&rc=PDgzZTM6ZDQ4NzhlOzlmNUBpamRpZ3E5cnFqcDMzaTgzNEAyNWIyLzFfNi8xL15fLTMzYSNmLzIwMmQ0c3JgLS1kLzJzcw%3D%3D&btag=e00088000&expire=1712076141&l=20240331164211CA7C230E15ACF353BDE0&ply_type=2&policy=2&signature=7fa15943cf7c4f122b31659bec7775e8&tk=tt_chain_token,normal_540_0&lower_540_0&lowest_540_0,20&24&25, 1711903330.933428,1711903330.9340281,1711903332.491977,1711903332.508286
27,oUCj1tQAVVAFqEsnFyVcwvfLizDeEBOIQgJlX9,66,1156084&922541&638588&528873&524967&401843,ogIjGkWJgQAeIRb7AWZAXUugUFLn5QfGZeebIg&oUCj1tQAVVAFqEsnFyVcwvfLizDeEBOIQgJlX9&oAjKEEAFQQDw1VgAX3CvczIsLqztDf7BV1ilLe&oAVjzsyXDINkqewzAQFgVEVtcBfKlIEQEJALCv&oUIfsFzgAzQVtDwcIqzEtXRjNEECvl9VAgBeQL&oAVgsIGtewlAqclzLVE0BFvCVEkDXAzVjQfFQc,https://v16-webapp-prime.us.tiktok.com/video/tos/useast8/tos-useast8-ve-0068c002-tx2/oUCj1tQAVVAFqEsnFyVcwvfLizDeEBOIQgJlX9/?a=1988&bti=NDU3ZjAwOg%3D%3D&ch=0&cr=3&dr=0&lr=unwatermarked&cd=0%7C0%7C0%7C&cv=1&br=1800&bt=900&cs=0&ds=6&ft=4KJMyMzm8Zmo0T.a1-4jVtybdpWrKsd.&mime_type=video_mp4&qs=0&rc=Z2hkNzYzZDlpZGg6ODlnOUBpamg5c3I5cnVmcDMzaTgzNEAwYTIvMWM2XjQxNTFfL2AtYSNeZGIyMmRjbXNgLS1kLzJzcw%3D%3D&btag=e00090000&expire=1712076197&l=20240331164211CA7C230E15ACF353BDE0&ply_type=2&policy=2&signature=d79835a72c3e379effcfb6d2588940b9&tk=tt_chain_token,adapt_lowest_1080_1&normal_540_0&adapt_lower_720_1&lower_540_0&adapt_540_1&lowest_540_0,2&20&14&24&28&25, 1711903330.933428,1711903330.9340281,1711903332.491977,1711903332.508286
28,o8oaIAqr8EwATnDiIfAFimYrQfAjLfECKbLsMA,11,641124&347688&263474,o8oaIAqr8EwATnDiIfAFimYrQfAjLfECKbLsMA&ogqfF2HAIiRRtBlEAAlCMBYBzEXlVx4fAAJibV&ooiVR1EM2jZlM9BxBAfAiJAVFFIRYwvfEAzlAC,https://v16-webapp-prime.us.tiktok.com/video/tos/useast8/tos-useast8-ve-0068c002-tx2/o8oaIAqr8EwATnDiIfAFimYrQfAjLfECKbLsMA/?a=1988&bti=NDU3ZjAwOg%3D%3D&ch=0&cr=3&dr=0&lr=unwatermarked&cd=0%7C0%7C0%7C&br=1252&bt=626&cs=0&ds=6&ft=4KJMyMzm8Zmo0T.a1-4jVtybdpWrKsd.&mime_type=video_mp4&qs=0&rc=M2VoNTo2NzYzPDRoNTVpPEBpM2s6c3A5cnkzcTMzaTgzNEAwMWIwMDVhXjAxLzUtNS5fYSMtL14xMmRzLzNgLS1kLzJzcw%3D%3D&btag=e00088000&expire=1712076142&l=20240331164211CA7C230E15ACF353BDE0&ply_type=2&policy=2&signature=b5c548db0e1310cfd2ec92bbabfffc4d&tk=tt_chain_token,normal_540_0&lower_540_0&lowest_540_0,20&24&25, 1711903330.933428,1711903330.9340281,1711903332.491977,1711903332.508286
29,oUDDxilE6ozBKBh8gqShXfiriEARTQf33qbAHI,60,1206106&1068975&806099&785296&553704&401275,o8z8qAiixoRhQEWIyBilARHBgqSgIDpJfXfEb3&oUDDxilE6ozBKBh8gqShXfiriEARTQf33qbAHI&oELKcXxX6AXvOOrAIciefG5FIS1eRfFbRCoAgG&oUh6iloAigGXAiLXbQSItgD89qFfBqB3EEtfRz&owhEqfX6bguRBPEEQh3iAqBS8DfiIGXolziABn&oEkCeeRAXvCDXBuxgF1jCVfFInHF15ELAQUI34,https://v16-webapp-prime.us.tiktok.com/video/tos/useast5/tos-useast5-ve-0068c002-tx/oUDDxilE6ozBKBh8gqShXfiriEARTQf33qbAHI/?a=1988&bti=NDU3ZjAwOg%3D%3D&ch=0&cr=3&dr=0&lr=unwatermarked&cd=0%7C0%7C0%7C&cv=1&br=2086&bt=1043&cs=0&ds=6&ft=4KJMyMzm8Zmo0T.a1-4jVtybdpWrKsd.&mime_type=video_mp4&qs=0&rc=aDllOmllN2dkNGk5OWY8PEBpM204ZHE5cm9pcTMzZzczNEAtYTRgM19fNWMxNDRhYzQtYSNpazEtMmRjL3FgLS1kMS9zcw%3D%3D&btag=e00090000&expire=1712076193&l=20240331164211CA7C230E15ACF353BDE0&ply_type=2&policy=2&signature=f684e10794eb97034380803f8c6be192&tk=tt_chain_token,adapt_lowest_1080_1&normal_540_0&adapt_lower_720_1&adapt_540_1&lower_540_0&lowest_540_0,2&20&14&28&24&25, 1711903330.933428,1711903330.9340281,1711903332.491977,1711903332.508286
30,oAAgpFG929ZcDfqCRfJBPxE0QJECBnXIKlsJQM,11,873138&743818&486737&469989&347486&319749,oAAgpFG929ZcDfqCRfJBPxE0QJECBnXIKlsJQM&oUiIO3BAIfAuigfeeBMRjp4JJbYfKJQExAMvJn&oAEWJHREQBAfiIXpVl9QJMZGJBF2Kf9DPc49I0&okMR09EHJZZ1xpJcEJ29fcQQDfAXFBUKGBclPI&ooQEpFlZPBFKBJD8IfGoLJPQEzfJM909GP2ARc&oUJjpAGGPJNPJEIln9FfBBQzKf0I2MQZR4D0E9,https://v16-webapp-prime.us.tiktok.com/video/tos/useast2a/tos-useast2a-ve-0068c004/oAAgpFG929ZcDfqCRfJBPxE0QJECBnXIKlsJQM/?a=1988&bti=NDU3ZjAwOg%3D%3D&ch=0&cr=3&dr=0&lr=unwatermarked&cd=0%7C0%7C0%7C&cv=1&br=1704&bt=852&cs=0&ds=6&ft=4KJMyMzm8Zmo0T.a1-4jVtybdpWrKsd.&mime_type=video_mp4&qs=0&rc=NWRmaTZlaGU3ZTVmOzkzO0BpMzhsPHQ5cmlpcTMzNzczM0AtLl9fLl9jXi0xMzVgYy4yYSMwMzEzMmRjb25gLS1kMTZzcw%3D%3D&btag=e00088000&expire=1712076142&l=20240331164211CA7C230E15ACF353BDE0&ply_type=2&policy=2&signature=65ab6e4f791aa58a760740ca78855eb1&tk=tt_chain_token,normal_540_0&adapt_lowest_1080_1&adapt_lower_720_1&lower_540_0&lowest_540_0&adapt_540_1,20&2&14&24&25&28, 1711903330.933428,1711903330.9340281,1711903332.491977,1711903332.508286
31,oogaQ5I1jHGrAfGL5Lt8e84F878I7IqAqsQvCe,6,1167026&1039234&649487&510415&494075&342110,oogaQ5I1jHGrAfGL5Lt8e84F878I7IqAqsQvCe&oUf9qPA7olRxIAE0iRrFOEZDBg1P1ERWdfVAME&ooeGtY7AIQCICsA58RG8qLIerQD7wDjMQLeIOF&o8DOW7fdGRPolFTEMwfBA9VPE1EEhIRARr3j9p&ogVB1cRADoRDpOfLGGpR99fdEPEFWhElAIPEru&oE3I8eQtsAejGa5QQG8IA7CqDIrLgRPFL875eu,https://v16-webapp-prime.us.tiktok.com/video/tos/useast8/tos-useast8-ve-0068c003-tx2/oogaQ5I1jHGrAfGL5Lt8e84F878I7IqAqsQvCe/?a=1988&bti=NDU3ZjAwOg%3D%3D&ch=0&cr=3&dr=0&lr=unwatermarked&cd=0%7C0%7C0%7C&cv=1&br=2278&bt=1139&cs=0&ds=6&ft=4KJMyMzm8Zmo0T.a1-4jVtybdpWrKsd.&mime_type=video_mp4&qs=0&rc=OGQzOmY4NjczOjVkPDZnaUBpamk5N3k5cnk7cTMzaTczNEBjNTEwLjEyNjIxYmJeYTZgYSM0al40MmRjYl9gLS1kMTJzcw%3D%3D&btag=e00088000&expire=1712076137&l=20240331164211CA7C230E15ACF353BDE0&ply_type=2&policy=2&signature=f9e007934922afb32b2a623f9c5c10ab&tk=tt_chain_token,normal_540_0&adapt_lowest_1080_1&adapt_lower_720_1&lower_540_0&adapt_540_1&lowest_540_0,20&2&14&24&28&25, 1711903330.933428,1711903330.9340281,1711903332.491977,1711903332.508286
32,oE4XIfvtyIpKCAB0yA6ip7LiEwBKg9AaNwv4z1,7,954118&737522&545685&401715&362466&265659,o4WLIpvgNBA9y1IJ6fi0BIyNTCaw4Ak6EwvCXi&oE4XIfvtyIpKCAB0yA6ip7LiEwBKg9AaNwv4z1&oc4Bl5bDGIOtevSZArLPknjtiCeILBHQIeAXIr&o0BXDpTNEAa6wIia2vIyCN0BULLvfw41FgAiiy&osHXfL5CDrZIIsLjsiIJH7AkByAeetSXdbrQzG&oIzCvvfXaw6IBZqEDw0iANApyB6iIk91y4LgI7,https://v16-webapp-prime.us.tiktok.com/video/tos/useast5/tos-useast5-pve-0068-tx/oE4XIfvtyIpKCAB0yA6ip7LiEwBKg9AaNwv4z1/?a=1988&bti=NDU3ZjAwOg%3D%3D&ch=0&cr=3&dr=0&lr=unwatermarked&cd=0%7C0%7C0%7C&cv=1&br=1440&bt=720&cs=0&ds=6&ft=4KJMyMzm8Zmo0T.a1-4jVtybdpWrKsd.&mime_type=video_mp4&qs=0&rc=O2Q0ZjRlZ2U5NTo1M2U6N0BpanI0Z245cmd2cTMzZzczNEBjYTIwNi5iXi0xMi0yNC5hYSNraWJkMmRral9gLS1kMS9zcw%3D%3D&btag=e00088000&expire=1712076139&l=20240331164211CA7C230E15ACF353BDE0&ply_type=2&policy=2&signature=78d17f3767ad6075581fc56642e2a714&tk=tt_chain_token,adapt_lowest_1080_1&normal_540_0&adapt_lower_720_1&adapt_540_1&lower_540_0&lowest_540_0,2&20&14&28&24&25, 1711903330.933428,1711903330.9340281,1711903332.491977,1711903332.508286
33,o4H8USEEIBQlB92fiAFJZqL2nXCe9EAHDBQRJp,5,1078023&824195&664441&475430&465575&350282,oM2AnBEQhXD7RaQUCHx2F8ZBfpJLrlEEAeIBiE&o4H8USEEIBQlB92fiAFJZqL2nXCe9EAHDBQRJp&oYQW2EQelBwlAUBpADB8T2s2FHCIJEfRbEiHZn&oEECIJnHBDAhAiQF1QFpBRlF3E2QUBp2EefuZE&oYb7AgLPGQeucySEAZLUSdjDSCeiLnCgIegFIs&ooLBCXDbF4UB2AZhLRinAB2EHpeIEJDfQlQikE,https://v16-webapp-prime.us.tiktok.com/video/tos/useast2a/tos-useast2a-ve-0068c003/o4H8USEEIBQlB92fiAFJZqL2nXCe9EAHDBQRJp/?a=1988&bti=NDU3ZjAwOg%3D%3D&ch=0&cr=3&dr=0&lr=unwatermarked&cd=0%7C0%7C0%7C&cv=1&br=1608&bt=804&cs=0&ds=6&ft=4KJMyMzm8Zmo0T.a1-4jVtybdpWrKsd.&mime_type=video_mp4&qs=0&rc=Mzs0MzQ3NjtpNDc2ZzozNEBpam51dm45cjNqcTMzNzczM0A1LzEyYy8wNi8xXzRfM18uYSNnYF9lMmRjLmBgLS1kMTZzcw%3D%3D&btag=e00088000&expire=1712076136&l=20240331164211CA7C230E15ACF353BDE0&ply_type=2&policy=2&signature=49376c4c24121c74067b33d330c183e3&tk=tt_chain_token,adapt_lowest_1080_1&normal_540_0&adapt_lower_720_1&adapt_540_1&lower_540_0&lowest_540_0,2&20&14&28&24&25, 1711903330.933428,1711903330.9340281,1711903332.491977,1711903332.508286
34,oMDQiOeIIAd9XFrIeEFeWbATD4ISLUJFGer77d,11,2312922&1096078&741068,oMDQiOeIIAd9XFrIeEFeWbATD4ISLUJFGer77d&o0O4BX7FebeIJyLWPiEQQ7AIU7AerFeddrdI8G&oMzFeePrIIiUxT1O77XJdG8FdEt4IbLeAAeLjW,https://v16-webapp-prime.us.tiktok.com/video/tos/useast5/tos-useast5-pve-0068-tx/oMDQiOeIIAd9XFrIeEFeWbATD4ISLUJFGer77d/?a=1988&bti=NDU3ZjAwOg%3D%3D&ch=0&cr=3&dr=0&lr=unwatermarked&cd=0%7C0%7C0%7C&br=4516&bt=2258&cs=0&ds=6&ft=4KJMyMzm8Zmo0T.a1-4jVtybdpWrKsd.&mime_type=video_mp4&qs=0&rc=OWVkZGg4aDxpNzNmOjRoaUBpajVraHk5cmp4cTMzZzgzNEA1XzUzLi9eNTQxM2A1XzIzYSNpay9jMmRrc2JgLS1kLy9zcw%3D%3D&btag=e00088000&expire=1712076143&l=20240331164211CA7C230E15ACF353BDE0&ply_type=2&policy=2&signature=125dbf59dcf4da550d21dd1c357987c4&tk=tt_chain_token,normal_540_0&lower_540_0&lowest_540_0,20&24&25, 1711903330.933428,1711903330.9340281,1711903332.491977,1711903332.508286
35,o0GJtBfVEApQX7IC5Bci7RwavInIwjiLyyA9Dv,17,442276&316033&254681&231995&155394&124778,owMC66kMLCcKsQHXQcfO3AgfIHty85QA0jQjfF&oUeHKCLQk0sMKCt4AFkpO8QNXIAjfp5KHMHfxg&o0GJtBfVEApQX7IC5Bci7RwavInIwjiLyyA9Dv&ogXBwPBJiq7QfcyslIvDAARCX5LIEpHvwyJ99i&oUAdAc7foijIXCJFIyiB5GvDEmyBwwL9BpyQRI&ogLyQ7wfvAI3gwHoEBIy9GADciBpiC3RXJHEA5,https://v16-webapp-prime.us.tiktok.com/video/tos/useast5/tos-useast5-ve-0068c004-tx/o0GJtBfVEApQX7IC5Bci7RwavInIwjiLyyA9Dv/?a=1988&bti=NDU3ZjAwOg%3D%3D&ch=0&cr=3&dr=0&lr=unwatermarked&cd=0%7C0%7C0%7C&cv=1&br=496&bt=248&cs=0&ds=6&ft=4KJMyMzm8Zmo0T.a1-4jVtybdpWrKsd.&mime_type=video_mp4&qs=0&rc=ZjhkOzg7ZjszMzgzOjRpZEBpanVneXM5cmo6cTMzZzczNEBeNmAwYjFhNjAxLzAtYF8wYSMuMDZfMmRrLW1gLS1kMS9zcw%3D%3D&btag=e00088000&expire=1712076148&l=20240331164211CA7C230E15ACF353BDE0&ply_type=2&policy=2&signature=12fb23bff9ba0f935cbfc3984e8d330b&tk=tt_chain_token,adapt_lowest_1080_1&adapt_lower_720_1&normal_540_0&adapt_540_1&lower_540_0&lowest_540_0,2&14&20&28&24&25, 1711903330.933428,1711903330.9340281,1711903332.491977,1711903332.508286
36,oMK2NzneDECpwTuaA9FQSxRESBfYlCDIEXgkEk,12,1756453&1487273&1081045&829953&686977&464459,oADkClzBe9aEEmFRTSEQ48AS2NgfwEuTi2kI4D&oMK2NzneDECpwTuaA9FQSxRESBfYlCDIEXgkEk&o4ERaSlAz8WeuEwTDDI9SkFWzBQB2gfuENEkku&oY2mLHRd0AG1AbAJgEJICkTMAkL2jJLIfEf6e0&oM1QANJg6boNHSLATLmJIJI4TGdpenALjfC0ek&oAzlBTaxEEqF9GNA4gwIkwe1Rak2DDKuEfOESS,https://v16-webapp-prime.us.tiktok.com/video/tos/useast5/tos-useast5-ve-0068c003-tx/oMK2NzneDECpwTuaA9FQSxRESBfYlCDIEXgkEk/?a=1988&bti=NDU3ZjAwOg%3D%3D&ch=0&cr=3&dr=0&lr=unwatermarked&cd=0%7C0%7C0%7C&cv=1&br=2904&bt=1452&cs=0&ds=6&ft=4KJMyMzm8Zmo0T.a1-4jVtybdpWrKsd.&mime_type=video_mp4&qs=0&rc=NGRkOzM7Nmk0OWVlZzlnN0BpM2x1PHE5cjRtcDMzZzczNEAtYV8wYy8tNi4xXi0vYWAyYSNsbjNjMmQ0YTZgLS1kMS9zcw%3D%3D&btag=e00088000&expire=1712076144&l=20240331164211CA7C230E15ACF353BDE0&ply_type=2&policy=2&signature=74892ca91c0129f6aba9212370a574ab&tk=tt_chain_token,adapt_lowest_1080_1&normal_540_0&adapt_lower_720_1&adapt_540_1&lower_540_0&lowest_540_0,2&20&14&28&24&25, 1711903330.933428,1711903330.9340281,1711903332.491977,1711903332.508286
